{
    "alphaBlendingSupport": false,
    "appTypes": [
        {
            "memoryLimit": 65536,
            "type": "background"
        },
        {
            "memoryLimit": 262144,
            "type": "datafield"
        },
        {
            "memoryLimit": 65536,
            "type": "glance"
        },
        {
            "memoryLimit": 524288,
            "type": "watchApp"
        },
        {
            "memoryLimit": 131072,
            "type": "watchFace"
        }
    ],
    "bitsPerPixel": 8,
    "complicationIcon": {
        "height": 30,
        "width": 30
    },
    "deviceFamily": "round-218x218",
    "deviceGroup": "Watches/Wearables",
    "deviceId": "fr255s",
    "deviceVersion": "5b8447e9176f735631b8dd60792cd28538afc321",
    "displayName": "Forerunner® 255s",
    "displayType": "mip",
    "faceIt": {
        "analogHandles": [
            "style1",
            "style2",
            "style3",
            "style4",
            "style5"
        ],
        "digitalFonts": [
            "sourceSansPro",
            "leagueGothic",
            "notoSansCJKTC",
            "qumpellkaNO12"
        ],
        "fontColors": [
            "00000000",
            "FFAA00",
            "FF5500",
            "FF0000",
            "AA0000",
            "00FF00",
            "00AA00",
            "00AAFF",
            "5500AA",
            "FF00FF"
        ],
        "templates": [
            "roundAnalogTemplate1",
            "roundDigitalTemplate1",
            "roundAnalogTemplate2",
            "roundDigitalTemplate2",
            "roundAnalogTemplate3",
            "roundDigitalTemplate3",
            "roundAnalogTemplate4",
            "roundDigitalTemplate4"
        ]
    },
    "hardwarePartNumber": "010-02641-02",
    "imageUrl": "https://static.garmincdn.com/en/products/010-02641-02/v/cf-sm-ad4021ee-c827-4f09-8072-c91e0f02c877.jpg",
    "launcherIcon": {
        "height": 40,
        "width": 40
    },
    "orientation": 0,
    "partNumbers": [
        {
            "connectIQVersion": "5.0.0",
            "firmwareVersion": 1823,
            "languages": [
                {
                    "code": "ara",
                    "fontSet": "ww"
                },
                {
                    "code": "bul",
                    "fontSet": "ww"
                },
                {
                    "code": "ces",
                    "fontSet": "ww"
                },
                {
                    "code": "dan",
                    "fontSet": "ww"
                },
                {
                    "code": "deu",
                    "fontSet": "ww"
                },
                {
                    "code": "dut",
                    "fontSet": "ww"
                },
                {
                    "code": "eng",
                    "fontSet": "ww"
                },
                {
                    "code": "est",
                    "fontSet": "ww"
                },
                {
                    "code": "fin",
                    "fontSet": "ww"
                },
                {
                    "code": "fre",
                    "fontSet": "ww"
                },
                {
                    "code": "gre",
                    "fontSet": "ww"
                },
                {
                    "code": "heb",
                    "fontSet": "ww"
                },
                {
                    "code": "hrv",
                    "fontSet": "ww"
                },
                {
                    "code": "hun",
                    "fontSet": "ww"
                },
                {
                    "code": "ita",
                    "fontSet": "ww"
                },
                {
                    "code": "lav",
                    "fontSet": "ww"
                },
                {
                    "code": "lit",
                    "fontSet": "ww"
                },
                {
                    "code": "nob",
                    "fontSet": "ww"
                },
                {
                    "code": "pol",
                    "fontSet": "ww"
                },
                {
                    "code": "por",
                    "fontSet": "ww"
                },
                {
                    "code": "ron",
                    "fontSet": "ww"
                },
                {
                    "code": "rus",
                    "fontSet": "ww"
                },
                {
                    "code": "slo",
                    "fontSet": "ww"
                },
                {
                    "code": "slv",
                    "fontSet": "ww"
                },
                {
                    "code": "spa",
                    "fontSet": "ww"
                },
                {
                    "code": "swe",
                    "fontSet": "ww"
                },
                {
                    "code": "tur",
                    "fontSet": "ww"
                },
                {
                    "code": "ukr",
                    "fontSet": "ww"
                },
                {
                    "code": "ind",
                    "fontSet": "ww"
                },
                {
                    "code": "zsm",
                    "fontSet": "ww"
                },
                {
                    "code": "zhs",
                    "fontSet": "apac_chn"
                },
                {
                    "code": "zht",
                    "fontSet": "apac_chn"
                },
                {
                    "code": "jpn",
                    "fontSet": "apac_jpn"
                },
                {
                    "code": "kor",
                    "fontSet": "apac_kor"
                },
                {
                    "code": "tha",
                    "fontSet": "apac_tha"
                },
                {
                    "code": "vie",
                    "fontSet": "apac_vie"
                }
            ],
            "number": "006-B3993-00"
        }
    ],
    "pixelFormat": "ARGB2222",
    "resolution": {
        "height": 218,
        "width": 218
    },
    "screenRotationSupport": false,
    "worldWidePartNumber": "006-B3993-00"
}