{
    "display": {
        "behaviors": [
            {
                "gesture": "swipeRight",
                "id": "previousPage"
            },
            {
                "gesture": "swipeLeft",
                "id": "nextPage"
            },
            {
                "gesture": "swipeUp"
            },
            {
                "gesture": "swipeDown"
            },
            {
                "gesture": "hold"
            },
            {
                "gesture": "release"
            },
            {
                "gesture": "tap",
                "id": "onSelect"
            }
        ],
        "isTouch": true,
        "landscapeOrientation": 0,
        "location": {
            "height": 180,
            "width": 215,
            "x": 75,
            "y": 171
        },
        "shape": "semi-round"
    },
    "fonts": [
        {
            "fontSet": "ww",
            "fonts": [
                {
                    "filename": "FNT_ROBOTO_12B",
                    "name": "xtiny"
                },
                {
                    "filename": "FNT_ROBOTO_12B",
                    "name": "tiny"
                },
                {
                    "filename": "FNT_ROBOTO_12B",
                    "name": "small"
                },
                {
                    "filename": "FNT_ROBOTO_15",
                    "name": "medium"
                },
                {
                    "filename": "FNT_ROBOTO_20B",
                    "name": "large"
                },
                {
                    "filename": "FNT_BEBAS_NEUE_20B",
                    "name": "numberMild"
                },
                {
                    "filename": "FNT_BEBAS_NEUE_32B",
                    "name": "numberMedium"
                },
                {
                    "filename": "FNT_BEBAS_NEUE_40B",
                    "name": "numberHot"
                },
                {
                    "filename": "FNT_BEBAS_NEUE_72B",
                    "name": "numberThaiHot"
                }
            ]
        },
        {
            "fontSet": "apac_chn",
            "fonts": [
                {
                    "filename": "FNT_SOURCE_HAN_SANS_CN_BOLD_15",
                    "name": "xtiny"
                },
                {
                    "filename": "FNT_SOURCE_HAN_SANS_CN_BOLD_15",
                    "name": "tiny"
                },
                {
                    "filename": "FNT_SOURCE_HAN_SANS_CN_BOLD_15",
                    "name": "small"
                },
                {
                    "filename": "FNT_SOURCE_HAN_SANS_CN_BOLD_21",
                    "name": "medium"
                },
                {
                    "filename": "FNT_SOURCE_HAN_SANS_CN_BOLD_26",
                    "name": "large"
                },
                {
                    "filename": "FNT_BEBAS_NEUE_20B",
                    "name": "numberMild"
                },
                {
                    "filename": "FNT_BEBAS_NEUE_32B",
                    "name": "numberMedium"
                },
                {
                    "filename": "FNT_BEBAS_NEUE_40B",
                    "name": "numberHot"
                },
                {
                    "filename": "FNT_BEBAS_NEUE_72B",
                    "name": "numberThaiHot"
                }
            ]
        },
        {
            "fontSet": "apac_jpn",
            "fonts": [
                {
                    "filename": "FNT_SOURCE_HAN_SANS_JP_BOLD_15",
                    "name": "xtiny"
                },
                {
                    "filename": "FNT_SOURCE_HAN_SANS_JP_BOLD_15",
                    "name": "tiny"
                },
                {
                    "filename": "FNT_SOURCE_HAN_SANS_JP_BOLD_15",
                    "name": "small"
                },
                {
                    "filename": "FNT_SOURCE_HAN_SANS_JP_BOLD_21",
                    "name": "medium"
                },
                {
                    "filename": "FNT_SOURCE_HAN_SANS_JP_BOLD_26",
                    "name": "large"
                },
                {
                    "filename": "FNT_BEBAS_NEUE_20B",
                    "name": "numberMild"
                },
                {
                    "filename": "FNT_BEBAS_NEUE_32B",
                    "name": "numberMedium"
                },
                {
                    "filename": "FNT_BEBAS_NEUE_40B",
                    "name": "numberHot"
                },
                {
                    "filename": "FNT_BEBAS_NEUE_72B",
                    "name": "numberThaiHot"
                }
            ]
        }
    ],
    "image": "forerunner_630.png",
    "keys": [
        {
            "id": "enter",
            "location": {
                "height": 58,
                "width": 48,
                "x": 288,
                "y": 157
            }
        },
        {
            "id": "lap",
            "location": {
                "height": 53,
                "width": 42,
                "x": 293,
                "y": 310
            }
        },
        {
            "behavior": "onMenu",
            "id": "menu",
            "location": {
                "height": 18,
                "width": 55,
                "x": 155,
                "y": 353
            }
        },
        {
            "behavior": "onBack",
            "id": "esc",
            "location": {
                "height": 57,
                "width": 49,
                "x": 25,
                "y": 307
            }
        }
    ],
    "layouts": [
        {
            "datafields": {
                "datafields": [
                    {
                        "drawBorders": true,
                        "fields": [
                            {
                                "data": {
                                    "font": "numberThaiHot",
                                    "justification": "center",
                                    "width": 205,
                                    "x": 108,
                                    "y": 126
                                },
                                "label": {
                                    "font": "xtiny",
                                    "justification": "center",
                                    "x": 108,
                                    "y": 46
                                },
                                "labelDisabled": false,
                                "location": {
                                    "height": 180,
                                    "width": 215,
                                    "x": 0,
                                    "y": 0
                                },
                                "obscurity": [
                                    "left",
                                    "top",
                                    "right",
                                    "bottom"
                                ]
                            }
                        ],
                        "name": "1 Field"
                    },
                    {
                        "drawBorders": true,
                        "fields": [
                            {
                                "data": {
                                    "font": "numberHot",
                                    "justification": "center",
                                    "width": 215,
                                    "x": 108,
                                    "y": 79
                                },
                                "label": {
                                    "font": "xtiny",
                                    "justification": "center",
                                    "x": 108,
                                    "y": 22
                                },
                                "labelDisabled": false,
                                "location": {
                                    "height": 89,
                                    "width": 215,
                                    "x": 0,
                                    "y": 0
                                },
                                "obscurity": [
                                    "left",
                                    "top",
                                    "right"
                                ]
                            },
                            {
                                "data": {
                                    "font": "numberHot",
                                    "justification": "center",
                                    "width": 145,
                                    "x": 108,
                                    "y": 79
                                },
                                "label": {
                                    "font": "xtiny",
                                    "justification": "center",
                                    "x": 108,
                                    "y": 22
                                },
                                "labelDisabled": false,
                                "location": {
                                    "height": 89,
                                    "width": 215,
                                    "x": 0,
                                    "y": 91
                                },
                                "obscurity": [
                                    "left",
                                    "right",
                                    "bottom"
                                ]
                            }
                        ],
                        "name": "2 Fields"
                    },
                    {
                        "drawBorders": true,
                        "fields": [
                            {
                                "data": {
                                    "font": "numberMedium",
                                    "justification": "center",
                                    "width": 203,
                                    "x": 108,
                                    "y": 53
                                },
                                "label": {
                                    "font": "xtiny",
                                    "justification": "center",
                                    "x": 108,
                                    "y": 15
                                },
                                "labelDisabled": false,
                                "location": {
                                    "height": 55,
                                    "width": 215,
                                    "x": 0,
                                    "y": 0
                                },
                                "obscurity": [
                                    "left",
                                    "top",
                                    "right"
                                ]
                            },
                            {
                                "data": {
                                    "font": "numberHot",
                                    "justification": "center",
                                    "width": 209,
                                    "x": 108,
                                    "y": 60
                                },
                                "label": {
                                    "font": "xtiny",
                                    "justification": "center",
                                    "x": 108,
                                    "y": 15
                                },
                                "labelDisabled": false,
                                "location": {
                                    "height": 66,
                                    "width": 215,
                                    "x": 0,
                                    "y": 57
                                },
                                "obscurity": [
                                    "left",
                                    "right"
                                ]
                            },
                            {
                                "data": {
                                    "font": "numberMedium",
                                    "justification": "center",
                                    "width": 125,
                                    "x": 108,
                                    "y": 53
                                },
                                "label": {
                                    "font": "xtiny",
                                    "justification": "center",
                                    "x": 108,
                                    "y": 15
                                },
                                "labelDisabled": false,
                                "location": {
                                    "height": 55,
                                    "width": 215,
                                    "x": 0,
                                    "y": 125
                                },
                                "obscurity": [
                                    "left",
                                    "right",
                                    "bottom"
                                ]
                            }
                        ],
                        "name": "3 Fields"
                    },
                    {
                        "drawBorders": true,
                        "fields": [
                            {
                                "data": {
                                    "font": "numberMedium",
                                    "justification": "center",
                                    "width": 203,
                                    "x": 108,
                                    "y": 53
                                },
                                "label": {
                                    "font": "xtiny",
                                    "justification": "center",
                                    "x": 108,
                                    "y": 15
                                },
                                "labelDisabled": false,
                                "location": {
                                    "height": 55,
                                    "width": 215,
                                    "x": 0,
                                    "y": 0
                                },
                                "obscurity": [
                                    "left",
                                    "top",
                                    "right"
                                ]
                            },
                            {
                                "data": {
                                    "font": "numberMedium",
                                    "justification": "center",
                                    "width": 103,
                                    "x": 52,
                                    "y": 58
                                },
                                "label": {
                                    "font": "xtiny",
                                    "justification": "center",
                                    "x": 52,
                                    "y": 15
                                },
                                "labelDisabled": false,
                                "location": {
                                    "height": 66,
                                    "width": 107,
                                    "x": 0,
                                    "y": 57
                                },
                                "obscurity": [
                                    "left"
                                ]
                            },
                            {
                                "data": {
                                    "font": "numberMedium",
                                    "justification": "center",
                                    "width": 103,
                                    "x": 52,
                                    "y": 58
                                },
                                "label": {
                                    "font": "xtiny",
                                    "justification": "center",
                                    "x": 52,
                                    "y": 15
                                },
                                "labelDisabled": false,
                                "location": {
                                    "height": 66,
                                    "width": 107,
                                    "x": 109,
                                    "y": 57
                                },
                                "obscurity": [
                                    "right"
                                ]
                            },
                            {
                                "data": {
                                    "font": "numberMedium",
                                    "justification": "center",
                                    "width": 125,
                                    "x": 108,
                                    "y": 53
                                },
                                "label": {
                                    "font": "xtiny",
                                    "justification": "center",
                                    "x": 108,
                                    "y": 15
                                },
                                "labelDisabled": false,
                                "location": {
                                    "height": 55,
                                    "width": 215,
                                    "x": 0,
                                    "y": 125
                                },
                                "obscurity": [
                                    "left",
                                    "right",
                                    "bottom"
                                ]
                            }
                        ],
                        "name": "4 Fields"
                    }
                ]
            },
            "orientation": "portrait",
            "picker": {
                "entries": [
                    {
                        "height": 100,
                        "width": 54,
                        "x": 12,
                        "y": 54
                    },
                    {
                        "height": 100,
                        "width": 54,
                        "x": 80,
                        "y": 54
                    },
                    {
                        "height": 100,
                        "width": 54,
                        "x": 148,
                        "y": 54
                    }
                ],
                "nextArrow": {
                    "height": 24,
                    "width": 58,
                    "x": 78,
                    "y": 28
                },
                "previousArrow": {
                    "height": 24,
                    "width": 58,
                    "x": 78,
                    "y": 156
                },
                "title": {
                    "height": 21,
                    "width": 215,
                    "x": 0,
                    "y": 5
                }
            }
        }
    ],
    "watchdogCount": 80000
}