{
    "appStorageCapacity": 10485760,
    "constellationConfiguration": [
        {
            "configuration": [
                "GPS L1",
                "GPS L5",
                "GALILEO L1",
                "GALILEO L5",
                "GLONASS",
                "BEIDOU L1",
                "BEIDOU L5",
                "SATIQ"
            ],
            "name": "All SKUs"
        }
    ],
    "display": {
        "behaviors": [
            {
                "gesture": "swipeRight",
                "id": "onBack"
            },
            {
                "gesture": "swipeLeft"
            },
            {
                "gesture": "swipeUp",
                "id": "nextPage"
            },
            {
                "gesture": "swipeDown",
                "id": "previousPage"
            },
            {
                "gesture": "hold"
            },
            {
                "gesture": "release"
            },
            {
                "gesture": "tap",
                "id": "onSelect"
            }
        ],
        "isTouch": true,
        "landscapeOrientation": 0,
        "location": {
            "height": 416,
            "width": 416,
            "x": 114,
            "y": 231
        },
        "shape": "round"
    },
    "fonts": [
        {
            "fontSet": "ww",
            "fonts": [
                {
                    "filename": "Roboto-Regular",
                    "name": "xtiny",
                    "size": 6.3689,
                    "type": "ttf"
                },
                {
                    "filename": "Roboto-Regular",
                    "name": "tiny",
                    "size": 8.1886,
                    "type": "ttf"
                },
                {
                    "filename": "Roboto-Regular",
                    "name": "small",
                    "size": 9.4018,
                    "type": "ttf"
                },
                {
                    "filename": "Roboto-Regular",
                    "name": "medium",
                    "size": 10.9182,
                    "type": "ttf"
                },
                {
                    "filename": "Roboto-Regular",
                    "name": "large",
                    "size": 12.7379,
                    "type": "ttf"
                },
                {
                    "filename": "Roboto-Regular",
                    "name": "numberMild",
                    "size": 17.8937,
                    "type": "ttf"
                },
                {
                    "filename": "Roboto-Regular",
                    "name": "numberMedium",
                    "size": 22.1397,
                    "type": "ttf"
                },
                {
                    "ascent": 110,
                    "descent": 30,
                    "filename": "Roboto-Regular",
                    "height": 140,
                    "name": "numberHot",
                    "size": 26.3856,
                    "type": "ttf"
                },
                {
                    "filename": "Roboto-Regular",
                    "name": "numberThaiHot",
                    "size": 30.6316,
                    "type": "ttf"
                },
                {
                    "filename": "Roboto-Regular",
                    "name": "glanceFont",
                    "size": 7.2788,
                    "type": "ttf"
                },
                {
                    "filename": "Roboto-Regular",
                    "name": "glanceNumberFont",
                    "size": 9.4018,
                    "type": "ttf"
                },
                {
                    "filename": "Roboto-Italic",
                    "name": "auxiliaryFont1",
                    "size": 8.1341,
                    "type": "ttf"
                },
                {
                    "filename": "Roboto-Italic",
                    "name": "auxiliaryFont2",
                    "size": 7.2303,
                    "type": "ttf"
                },
                {
                    "filename": "Roboto-Regular",
                    "name": "simExtNumber1",
                    "size": 5.4591,
                    "type": "ttf"
                },
                {
                    "filename": "Roboto-Regular",
                    "name": "simExtNumber2",
                    "size": 13.951,
                    "type": "ttf"
                },
                {
                    "filename": "Roboto-Regular",
                    "name": "simExtNumber3",
                    "size": 11.5248,
                    "type": "ttf"
                },
                {
                    "filename": "Roboto-Regular",
                    "name": "RobotoRegular",
                    "type": "system_ttf"
                },
                {
                    "filename": "Roboto-Italic",
                    "name": "RobotoItalic",
                    "type": "system_ttf"
                },
                {
                    "filename": "RobotoCondensed-Bold",
                    "name": "RobotoCondensedBold",
                    "type": "system_ttf"
                },
                {
                    "filename": "RobotoCondensed-Regular",
                    "name": "RobotoCondensedRegular",
                    "type": "system_ttf"
                },
                {
                    "filename": "NotoNaskhArabic-Regular",
                    "name": "NotoNaskhArabicRegular",
                    "type": "system_ttf"
                },
                {
                    "filename": "NotoNaskhArabic-Bold",
                    "name": "NotoNaskhArabicBold",
                    "type": "system_ttf"
                },
                {
                    "filename": "NotoSansHebrew-Regular",
                    "name": "NotoSansHebrewRegular",
                    "type": "system_ttf"
                },
                {
                    "filename": "NotoSansHebrew-Bold",
                    "name": "NotoSansHebrewBold",
                    "type": "system_ttf"
                },
                {
                    "filename": "NotoSansArmenian-Regular",
                    "name": "NotoSansArmenianRegular",
                    "type": "system_ttf"
                },
                {
                    "filename": "NotoSansArmenian-Bold",
                    "name": "NotoSansArmenianBold",
                    "type": "system_ttf"
                },
                {
                    "filename": "Bionic_Bold",
                    "name": "BionicBold",
                    "type": "system_ttf"
                },
                {
                    "filename": "NotoSansSC-Medium-2",
                    "name": "NotoSansSCMedium",
                    "type": "system_ttf"
                },
                {
                    "filename": "Kosugi-Regular-2",
                    "name": "KosugiRegular",
                    "type": "system_ttf"
                },
                {
                    "filename": "NanumGothic-Bold",
                    "name": "NanumGothicBold",
                    "type": "system_ttf"
                },
                {
                    "filename": "Pridi-Regular",
                    "name": "PridiRegular",
                    "type": "system_ttf"
                }
            ]
        },
        {
            "fontSet": "apac_twcn",
            "fonts": [
                {
                    "filename": "FNT_006B425700_NOTO_SANS_SC_MEDIUM_28",
                    "name": "xtiny"
                },
                {
                    "filename": "FNT_006B425700_NOTO_SANS_SC_MEDIUM_35",
                    "name": "tiny"
                },
                {
                    "filename": "FNT_006B425700_NOTO_SANS_SC_MEDIUM_41",
                    "name": "small"
                },
                {
                    "filename": "FNT_006B425700_NOTO_SANS_SC_MEDIUM_48",
                    "name": "medium"
                },
                {
                    "filename": "FNT_006B425700_NOTO_SANS_SC_MEDIUM_55",
                    "name": "large"
                },
                {
                    "filename": "FNT_006B425700_ROBOTO_REGULAR_59",
                    "name": "numberMild"
                },
                {
                    "filename": "FNT_006B425700_ROBOTO_REGULAR_73",
                    "name": "numberMedium"
                },
                {
                    "filename": "FNT_006B425700_ROBOTO_REGULAR_87",
                    "name": "numberHot"
                },
                {
                    "filename": "FNT_006B425700_ROBOTO_REGULAR_101",
                    "name": "numberThaiHot"
                },
                {
                    "filename": "FNT_006B425700_NOTO_SANS_SC_MEDIUM_32",
                    "name": "glanceFont"
                },
                {
                    "filename": "FNT_006B425700_ROBOTO_REGULAR_31",
                    "name": "glanceNumberFont"
                },
                {
                    "filename": "Roboto-Regular",
                    "name": "RobotoRegular",
                    "type": "system_ttf"
                },
                {
                    "filename": "Roboto-Italic",
                    "name": "RobotoItalic",
                    "type": "system_ttf"
                },
                {
                    "filename": "RobotoCondensed-Bold",
                    "name": "RobotoCondensedBold",
                    "type": "system_ttf"
                },
                {
                    "filename": "RobotoCondensed-Regular",
                    "name": "RobotoCondensedRegular",
                    "type": "system_ttf"
                },
                {
                    "filename": "NotoNaskhArabic-Regular",
                    "name": "NotoNaskhArabicRegular",
                    "type": "system_ttf"
                },
                {
                    "filename": "NotoNaskhArabic-Bold",
                    "name": "NotoNaskhArabicBold",
                    "type": "system_ttf"
                },
                {
                    "filename": "NotoSansHebrew-Regular",
                    "name": "NotoSansHebrewRegular",
                    "type": "system_ttf"
                },
                {
                    "filename": "NotoSansHebrew-Bold",
                    "name": "NotoSansHebrewBold",
                    "type": "system_ttf"
                },
                {
                    "filename": "NotoSansArmenian-Regular",
                    "name": "NotoSansArmenianRegular",
                    "type": "system_ttf"
                },
                {
                    "filename": "NotoSansArmenian-Bold",
                    "name": "NotoSansArmenianBold",
                    "type": "system_ttf"
                },
                {
                    "filename": "Bionic_Bold",
                    "name": "BionicBold",
                    "type": "system_ttf"
                },
                {
                    "filename": "NotoSansSC-Medium-2",
                    "name": "NotoSansSCMedium",
                    "type": "system_ttf"
                },
                {
                    "filename": "Kosugi-Regular-2",
                    "name": "KosugiRegular",
                    "type": "system_ttf"
                },
                {
                    "filename": "NanumGothic-Bold",
                    "name": "NanumGothicBold",
                    "type": "system_ttf"
                },
                {
                    "filename": "Pridi-Regular",
                    "name": "PridiRegular",
                    "type": "system_ttf"
                }
            ]
        },
        {
            "fontSet": "apac_jpn",
            "fonts": [
                {
                    "filename": "FNT_006B425700_KOSUGI_REGULAR_28",
                    "name": "xtiny"
                },
                {
                    "filename": "FNT_006B425700_KOSUGI_REGULAR_35",
                    "name": "tiny"
                },
                {
                    "filename": "FNT_006B425700_KOSUGI_REGULAR_41",
                    "name": "small"
                },
                {
                    "filename": "FNT_006B425700_KOSUGI_REGULAR_48",
                    "name": "medium"
                },
                {
                    "filename": "FNT_006B425700_KOSUGI_REGULAR_55",
                    "name": "large"
                },
                {
                    "filename": "FNT_006B425700_ROBOTO_REGULAR_59",
                    "name": "numberMild"
                },
                {
                    "filename": "FNT_006B425700_ROBOTO_REGULAR_73",
                    "name": "numberMedium"
                },
                {
                    "filename": "FNT_006B425700_ROBOTO_REGULAR_87",
                    "name": "numberHot"
                },
                {
                    "filename": "FNT_006B425700_ROBOTO_REGULAR_101",
                    "name": "numberThaiHot"
                },
                {
                    "filename": "FNT_006B425700_KOSUGI_REGULAR_32",
                    "name": "glanceFont"
                },
                {
                    "filename": "FNT_006B425700_ROBOTO_REGULAR_31",
                    "name": "glanceNumberFont"
                },
                {
                    "filename": "Roboto-Regular",
                    "name": "RobotoRegular",
                    "type": "system_ttf"
                },
                {
                    "filename": "Roboto-Italic",
                    "name": "RobotoItalic",
                    "type": "system_ttf"
                },
                {
                    "filename": "RobotoCondensed-Bold",
                    "name": "RobotoCondensedBold",
                    "type": "system_ttf"
                },
                {
                    "filename": "RobotoCondensed-Regular",
                    "name": "RobotoCondensedRegular",
                    "type": "system_ttf"
                },
                {
                    "filename": "NotoNaskhArabic-Regular",
                    "name": "NotoNaskhArabicRegular",
                    "type": "system_ttf"
                },
                {
                    "filename": "NotoNaskhArabic-Bold",
                    "name": "NotoNaskhArabicBold",
                    "type": "system_ttf"
                },
                {
                    "filename": "NotoSansHebrew-Regular",
                    "name": "NotoSansHebrewRegular",
                    "type": "system_ttf"
                },
                {
                    "filename": "NotoSansHebrew-Bold",
                    "name": "NotoSansHebrewBold",
                    "type": "system_ttf"
                },
                {
                    "filename": "NotoSansArmenian-Regular",
                    "name": "NotoSansArmenianRegular",
                    "type": "system_ttf"
                },
                {
                    "filename": "NotoSansArmenian-Bold",
                    "name": "NotoSansArmenianBold",
                    "type": "system_ttf"
                },
                {
                    "filename": "Bionic_Bold",
                    "name": "BionicBold",
                    "type": "system_ttf"
                },
                {
                    "filename": "NotoSansSC-Medium-2",
                    "name": "NotoSansSCMedium",
                    "type": "system_ttf"
                },
                {
                    "filename": "Kosugi-Regular-2",
                    "name": "KosugiRegular",
                    "type": "system_ttf"
                },
                {
                    "filename": "NanumGothic-Bold",
                    "name": "NanumGothicBold",
                    "type": "system_ttf"
                },
                {
                    "filename": "Pridi-Regular",
                    "name": "PridiRegular",
                    "type": "system_ttf"
                }
            ]
        },
        {
            "fontSet": "apac_kor",
            "fonts": [
                {
                    "filename": "FNT_006B425700_NANUM_GOTHIC_BOLD_28",
                    "name": "xtiny"
                },
                {
                    "filename": "FNT_006B425700_NANUM_GOTHIC_BOLD_35",
                    "name": "tiny"
                },
                {
                    "filename": "FNT_006B425700_NANUM_GOTHIC_BOLD_41",
                    "name": "small"
                },
                {
                    "filename": "FNT_006B425700_NANUM_GOTHIC_BOLD_48",
                    "name": "medium"
                },
                {
                    "filename": "FNT_006B425700_NANUM_GOTHIC_BOLD_55",
                    "name": "large"
                },
                {
                    "filename": "FNT_006B425700_ROBOTO_REGULAR_59",
                    "name": "numberMild"
                },
                {
                    "filename": "FNT_006B425700_ROBOTO_REGULAR_73",
                    "name": "numberMedium"
                },
                {
                    "filename": "FNT_006B425700_ROBOTO_REGULAR_87",
                    "name": "numberHot"
                },
                {
                    "filename": "FNT_006B425700_ROBOTO_REGULAR_101",
                    "name": "numberThaiHot"
                },
                {
                    "filename": "FNT_006B425700_NANUM_GOTHIC_BOLD_32",
                    "name": "glanceFont"
                },
                {
                    "filename": "FNT_006B425700_ROBOTO_REGULAR_31",
                    "name": "glanceNumberFont"
                },
                {
                    "filename": "Roboto-Regular",
                    "name": "RobotoRegular",
                    "type": "system_ttf"
                },
                {
                    "filename": "Roboto-Italic",
                    "name": "RobotoItalic",
                    "type": "system_ttf"
                },
                {
                    "filename": "RobotoCondensed-Bold",
                    "name": "RobotoCondensedBold",
                    "type": "system_ttf"
                },
                {
                    "filename": "RobotoCondensed-Regular",
                    "name": "RobotoCondensedRegular",
                    "type": "system_ttf"
                },
                {
                    "filename": "NotoNaskhArabic-Regular",
                    "name": "NotoNaskhArabicRegular",
                    "type": "system_ttf"
                },
                {
                    "filename": "NotoNaskhArabic-Bold",
                    "name": "NotoNaskhArabicBold",
                    "type": "system_ttf"
                },
                {
                    "filename": "NotoSansHebrew-Regular",
                    "name": "NotoSansHebrewRegular",
                    "type": "system_ttf"
                },
                {
                    "filename": "NotoSansHebrew-Bold",
                    "name": "NotoSansHebrewBold",
                    "type": "system_ttf"
                },
                {
                    "filename": "NotoSansArmenian-Regular",
                    "name": "NotoSansArmenianRegular",
                    "type": "system_ttf"
                },
                {
                    "filename": "NotoSansArmenian-Bold",
                    "name": "NotoSansArmenianBold",
                    "type": "system_ttf"
                },
                {
                    "filename": "Bionic_Bold",
                    "name": "BionicBold",
                    "type": "system_ttf"
                },
                {
                    "filename": "NotoSansSC-Medium-2",
                    "name": "NotoSansSCMedium",
                    "type": "system_ttf"
                },
                {
                    "filename": "Kosugi-Regular-2",
                    "name": "KosugiRegular",
                    "type": "system_ttf"
                },
                {
                    "filename": "NanumGothic-Bold",
                    "name": "NanumGothicBold",
                    "type": "system_ttf"
                },
                {
                    "filename": "Pridi-Regular",
                    "name": "PridiRegular",
                    "type": "system_ttf"
                }
            ]
        },
        {
            "fontSet": "apac_tha",
            "fonts": [
                {
                    "filename": "bitstreamVeraSans 16",
                    "name": "xtiny"
                },
                {
                    "filename": "bitstreamVeraSans 16",
                    "name": "tiny"
                },
                {
                    "filename": "bitstreamVeraSans 16",
                    "name": "small"
                },
                {
                    "filename": "bitstreamVeraSans 21",
                    "name": "medium"
                },
                {
                    "filename": "bitstreamVeraSans 27",
                    "name": "large"
                },
                {
                    "filename": "FNT_006B425700_ROBOTO_REGULAR_59",
                    "name": "numberMild"
                },
                {
                    "filename": "FNT_006B425700_ROBOTO_REGULAR_73",
                    "name": "numberMedium"
                },
                {
                    "filename": "FNT_006B425700_ROBOTO_REGULAR_87",
                    "name": "numberHot"
                },
                {
                    "filename": "FNT_006B425700_ROBOTO_REGULAR_101",
                    "name": "numberThaiHot"
                },
                {
                    "filename": "bitstreamVeraSans 16",
                    "name": "glanceFont"
                },
                {
                    "filename": "FNT_006B425700_ROBOTO_REGULAR_31",
                    "name": "glanceNumberFont"
                },
                {
                    "filename": "Roboto-Regular",
                    "name": "RobotoRegular",
                    "type": "system_ttf"
                },
                {
                    "filename": "Roboto-Italic",
                    "name": "RobotoItalic",
                    "type": "system_ttf"
                },
                {
                    "filename": "RobotoCondensed-Bold",
                    "name": "RobotoCondensedBold",
                    "type": "system_ttf"
                },
                {
                    "filename": "RobotoCondensed-Regular",
                    "name": "RobotoCondensedRegular",
                    "type": "system_ttf"
                },
                {
                    "filename": "NotoNaskhArabic-Regular",
                    "name": "NotoNaskhArabicRegular",
                    "type": "system_ttf"
                },
                {
                    "filename": "NotoNaskhArabic-Bold",
                    "name": "NotoNaskhArabicBold",
                    "type": "system_ttf"
                },
                {
                    "filename": "NotoSansHebrew-Regular",
                    "name": "NotoSansHebrewRegular",
                    "type": "system_ttf"
                },
                {
                    "filename": "NotoSansHebrew-Bold",
                    "name": "NotoSansHebrewBold",
                    "type": "system_ttf"
                },
                {
                    "filename": "NotoSansArmenian-Regular",
                    "name": "NotoSansArmenianRegular",
                    "type": "system_ttf"
                },
                {
                    "filename": "NotoSansArmenian-Bold",
                    "name": "NotoSansArmenianBold",
                    "type": "system_ttf"
                },
                {
                    "filename": "Bionic_Bold",
                    "name": "BionicBold",
                    "type": "system_ttf"
                },
                {
                    "filename": "NotoSansSC-Medium-2",
                    "name": "NotoSansSCMedium",
                    "type": "system_ttf"
                },
                {
                    "filename": "Kosugi-Regular-2",
                    "name": "KosugiRegular",
                    "type": "system_ttf"
                },
                {
                    "filename": "NanumGothic-Bold",
                    "name": "NanumGothicBold",
                    "type": "system_ttf"
                },
                {
                    "filename": "Pridi-Regular",
                    "name": "PridiRegular",
                    "type": "system_ttf"
                }
            ]
        }
    ],
    "glance": {
        "cacheUpdate": false,
        "contentArea": {
            "height": 120,
            "width": 275,
            "x": 112,
            "y": 0
        },
        "iconArea": {
            "height": 60,
            "width": 60,
            "x": 40,
            "y": 34
        },
        "liveUpdates": true,
        "themes": {
            "area": {
                "height": 120,
                "width": 416,
                "x": 0,
                "y": 0
            },
            "themes": [
                {
                    "filename": "nwidget_Default.png",
                    "name": "default"
                },
                {
                    "filename": "nwidget_Blue.png",
                    "name": "blue"
                },
                {
                    "filename": "nwidget_Yellow.png",
                    "name": "gold"
                },
                {
                    "filename": "nwidget_Green.png",
                    "name": "green"
                },
                {
                    "filename": "nwidget_Cyan.png",
                    "name": "light_blue"
                },
                {
                    "filename": "nwidget_Purple.png",
                    "name": "purple"
                },
                {
                    "filename": "nwidget_Red.png",
                    "name": "red"
                }
            ]
        }
    },
    "graphicsResourcePoolSize": 3145728,
    "image": "fr265.png",
    "keys": [
        {
            "behavior": "onSelect",
            "id": "enter",
            "location": {
                "height": 110,
                "width": 68,
                "x": 537,
                "y": 253
            }
        },
        {
            "behavior": "previousPage",
            "id": "up",
            "location": {
                "height": 70,
                "width": 25,
                "x": 25,
                "y": 402
            }
        },
        {
            "behavior": "onMenu",
            "id": "menu",
            "isHold": true,
            "location": {
                "height": 70,
                "width": 25,
                "x": 25,
                "y": 402
            }
        },
        {
            "behavior": "nextPage",
            "id": "down",
            "location": {
                "height": 70,
                "width": 53,
                "x": 47,
                "y": 543
            }
        },
        {
            "behavior": "onBack",
            "id": "esc",
            "location": {
                "height": 71,
                "width": 49,
                "x": 539,
                "y": 540
            }
        }
    ],
    "layouts": [
        {
            "actionMenu": {
                "area": {
                    "height": 416,
                    "width": 340,
                    "x": 340,
                    "y": 0
                },
                "borderWidth": 5,
                "colors": {
                    "border": "134A4A",
                    "selectedText": "FFFFFF",
                    "text": "AAAAAA"
                },
                "entries": [
                    {
                        "alignment": "left",
                        "height": 88,
                        "scrolling": true,
                        "selection": true,
                        "shortenWithEllipsis": true,
                        "spacing": 10,
                        "stringMaxWidth": 334,
                        "textPadding": 45,
                        "x": 10,
                        "y": 164
                    }
                ],
                "expands": true,
                "font": "tiny",
                "fontFocused": "auxiliaryFont1",
                "selectionDisplay": {
                    "height": 100,
                    "image": "nLists_Default.png",
                    "width": 4,
                    "x": 7,
                    "y": 158
                },
                "type": "partial",
                "wrapEntries": true
            },
            "datafields": {
                "datafields": [
                    {
                        "drawBorders": true,
                        "fields": [
                            {
                                "data": {
                                    "font": "numberThaiHot",
                                    "justification": "center",
                                    "width": 416,
                                    "x": 208,
                                    "y": 256
                                },
                                "label": {
                                    "font": "simExtNumber1",
                                    "justification": "center",
                                    "x": 208,
                                    "y": 118
                                },
                                "labelDisabled": false,
                                "location": {
                                    "height": 416,
                                    "width": 416,
                                    "x": 0,
                                    "y": 0
                                },
                                "obscurity": [
                                    "left",
                                    "top",
                                    "right",
                                    "bottom"
                                ]
                            }
                        ],
                        "name": "1 Field"
                    },
                    {
                        "drawBorders": true,
                        "fields": [
                            {
                                "data": {
                                    "font": "numberMedium",
                                    "justification": "center",
                                    "width": 416,
                                    "x": 208,
                                    "y": 181
                                },
                                "label": {
                                    "font": "simExtNumber1",
                                    "justification": "center",
                                    "x": 208,
                                    "y": 84
                                },
                                "labelDisabled": false,
                                "location": {
                                    "height": 206,
                                    "width": 416,
                                    "x": 0,
                                    "y": 0
                                },
                                "obscurity": [
                                    "left",
                                    "top",
                                    "right"
                                ]
                            },
                            {
                                "data": {
                                    "font": "numberMedium",
                                    "justification": "center",
                                    "width": 416,
                                    "x": 208,
                                    "y": 122
                                },
                                "label": {
                                    "font": "simExtNumber1",
                                    "justification": "center",
                                    "x": 208,
                                    "y": 30
                                },
                                "labelDisabled": false,
                                "location": {
                                    "height": 207,
                                    "width": 416,
                                    "x": 0,
                                    "y": 209
                                },
                                "obscurity": [
                                    "left",
                                    "right",
                                    "bottom"
                                ]
                            }
                        ],
                        "name": "2 Fields"
                    },
                    {
                        "drawBorders": false,
                        "fields": [
                            {
                                "data": {
                                    "font": "numberMedium",
                                    "justification": "center",
                                    "width": 416,
                                    "x": 208,
                                    "y": 136
                                },
                                "labelDisabled": true,
                                "location": {
                                    "height": 145,
                                    "width": 416,
                                    "x": 0,
                                    "y": 0
                                },
                                "obscurity": [
                                    "left",
                                    "top",
                                    "right"
                                ]
                            },
                            {
                                "data": {
                                    "font": "numberThaiHot",
                                    "justification": "center",
                                    "width": 416,
                                    "x": 208,
                                    "y": 108
                                },
                                "labelDisabled": true,
                                "location": {
                                    "height": 118,
                                    "width": 416,
                                    "x": 0,
                                    "y": 145
                                },
                                "obscurity": [
                                    "left",
                                    "right"
                                ]
                            },
                            {
                                "data": {
                                    "font": "numberMedium",
                                    "justification": "center",
                                    "width": 416,
                                    "x": 208,
                                    "y": 81
                                },
                                "labelDisabled": true,
                                "location": {
                                    "height": 149,
                                    "width": 416,
                                    "x": 0,
                                    "y": 267
                                },
                                "obscurity": [
                                    "left",
                                    "right",
                                    "bottom"
                                ]
                            }
                        ],
                        "name": "3 Fields A"
                    },
                    {
                        "drawBorders": true,
                        "fields": [
                            {
                                "data": {
                                    "font": "numberMild",
                                    "justification": "center",
                                    "width": 416,
                                    "x": 208,
                                    "y": 123
                                },
                                "label": {
                                    "font": "simExtNumber1",
                                    "justification": "center",
                                    "x": 208,
                                    "y": 50
                                },
                                "labelDisabled": false,
                                "location": {
                                    "height": 134,
                                    "width": 416,
                                    "x": 0,
                                    "y": 0
                                },
                                "obscurity": [
                                    "left",
                                    "top",
                                    "right"
                                ]
                            },
                            {
                                "data": {
                                    "font": "numberThaiHot",
                                    "justification": "center",
                                    "width": 416,
                                    "x": 208,
                                    "y": 134
                                },
                                "label": {
                                    "font": "simExtNumber1",
                                    "justification": "center",
                                    "x": 208,
                                    "y": 24
                                },
                                "labelDisabled": false,
                                "location": {
                                    "height": 144,
                                    "width": 416,
                                    "x": 0,
                                    "y": 137
                                },
                                "obscurity": [
                                    "left",
                                    "right"
                                ]
                            },
                            {
                                "data": {
                                    "font": "numberMild",
                                    "justification": "center",
                                    "width": 416,
                                    "x": 208,
                                    "y": 96
                                },
                                "label": {
                                    "font": "simExtNumber1",
                                    "justification": "center",
                                    "x": 208,
                                    "y": 26
                                },
                                "labelDisabled": false,
                                "location": {
                                    "height": 132,
                                    "width": 416,
                                    "x": 0,
                                    "y": 284
                                },
                                "obscurity": [
                                    "left",
                                    "right",
                                    "bottom"
                                ]
                            }
                        ],
                        "name": "3 Fields B"
                    },
                    {
                        "drawBorders": true,
                        "fields": [
                            {
                                "data": {
                                    "font": "numberMedium",
                                    "justification": "center",
                                    "width": 416,
                                    "x": 208,
                                    "y": 181
                                },
                                "label": {
                                    "font": "simExtNumber1",
                                    "justification": "center",
                                    "x": 208,
                                    "y": 84
                                },
                                "labelDisabled": false,
                                "location": {
                                    "height": 206,
                                    "width": 416,
                                    "x": 0,
                                    "y": 0
                                },
                                "obscurity": [
                                    "left",
                                    "top",
                                    "right"
                                ]
                            },
                            {
                                "data": {
                                    "font": "simExtNumber2",
                                    "justification": "center",
                                    "width": 181,
                                    "x": 111,
                                    "y": 92
                                },
                                "label": {
                                    "font": "simExtNumber1",
                                    "justification": "center",
                                    "x": 111,
                                    "y": 30
                                },
                                "labelDisabled": false,
                                "location": {
                                    "height": 207,
                                    "width": 206,
                                    "x": 0,
                                    "y": 209
                                },
                                "obscurity": [
                                    "left",
                                    "bottom"
                                ]
                            },
                            {
                                "data": {
                                    "font": "simExtNumber2",
                                    "justification": "center",
                                    "width": 181,
                                    "x": 90,
                                    "y": 92
                                },
                                "label": {
                                    "font": "simExtNumber1",
                                    "justification": "center",
                                    "x": 90,
                                    "y": 30
                                },
                                "labelDisabled": false,
                                "location": {
                                    "height": 207,
                                    "width": 206,
                                    "x": 209,
                                    "y": 209
                                },
                                "obscurity": [
                                    "right",
                                    "bottom"
                                ]
                            }
                        ],
                        "name": "3 Fields C"
                    },
                    {
                        "drawBorders": true,
                        "fields": [
                            {
                                "data": {
                                    "font": "numberMedium",
                                    "justification": "center",
                                    "width": 416,
                                    "x": 208,
                                    "y": 137
                                },
                                "label": {
                                    "font": "simExtNumber1",
                                    "justification": "center",
                                    "x": 208,
                                    "y": 52
                                },
                                "labelDisabled": false,
                                "location": {
                                    "height": 148,
                                    "width": 416,
                                    "x": 0,
                                    "y": 0
                                },
                                "obscurity": [
                                    "left",
                                    "top",
                                    "right"
                                ]
                            },
                            {
                                "data": {
                                    "font": "simExtNumber2",
                                    "justification": "center",
                                    "width": 206,
                                    "x": 103,
                                    "y": 95
                                },
                                "label": {
                                    "font": "simExtNumber1",
                                    "justification": "center",
                                    "x": 103,
                                    "y": 31
                                },
                                "labelDisabled": false,
                                "location": {
                                    "height": 123,
                                    "width": 206,
                                    "x": 209,
                                    "y": 151
                                },
                                "obscurity": [
                                    "right"
                                ]
                            },
                            {
                                "data": {
                                    "font": "simExtNumber2",
                                    "justification": "center",
                                    "width": 206,
                                    "x": 103,
                                    "y": 95
                                },
                                "label": {
                                    "font": "simExtNumber1",
                                    "justification": "center",
                                    "x": 103,
                                    "y": 31
                                },
                                "labelDisabled": false,
                                "location": {
                                    "height": 123,
                                    "width": 206,
                                    "x": 0,
                                    "y": 151
                                },
                                "obscurity": [
                                    "left"
                                ]
                            },
                            {
                                "data": {
                                    "font": "numberMedium",
                                    "justification": "center",
                                    "width": 202,
                                    "x": 208,
                                    "y": 108
                                },
                                "label": {
                                    "font": "simExtNumber1",
                                    "justification": "center",
                                    "x": 208,
                                    "y": 24
                                },
                                "labelDisabled": false,
                                "location": {
                                    "height": 139,
                                    "width": 416,
                                    "x": 0,
                                    "y": 277
                                },
                                "obscurity": [
                                    "left",
                                    "right",
                                    "bottom"
                                ]
                            }
                        ],
                        "name": "4 Fields A"
                    },
                    {
                        "drawBorders": true,
                        "fields": [
                            {
                                "data": {
                                    "font": "simExtNumber2",
                                    "justification": "center",
                                    "width": 185,
                                    "x": 113,
                                    "y": 182
                                },
                                "label": {
                                    "font": "simExtNumber1",
                                    "justification": "center",
                                    "x": 113,
                                    "y": 120
                                },
                                "labelDisabled": false,
                                "location": {
                                    "height": 206,
                                    "width": 206,
                                    "x": 0,
                                    "y": 0
                                },
                                "obscurity": [
                                    "left",
                                    "top"
                                ]
                            },
                            {
                                "data": {
                                    "font": "simExtNumber2",
                                    "justification": "center",
                                    "width": 185,
                                    "x": 92,
                                    "y": 182
                                },
                                "label": {
                                    "font": "simExtNumber1",
                                    "justification": "center",
                                    "x": 92,
                                    "y": 120
                                },
                                "labelDisabled": false,
                                "location": {
                                    "height": 206,
                                    "width": 206,
                                    "x": 209,
                                    "y": 0
                                },
                                "obscurity": [
                                    "top",
                                    "right"
                                ]
                            },
                            {
                                "data": {
                                    "font": "simExtNumber2",
                                    "justification": "center",
                                    "width": 185,
                                    "x": 113,
                                    "y": 92
                                },
                                "label": {
                                    "font": "simExtNumber1",
                                    "justification": "center",
                                    "x": 113,
                                    "y": 30
                                },
                                "labelDisabled": false,
                                "location": {
                                    "height": 207,
                                    "width": 206,
                                    "x": 0,
                                    "y": 209
                                },
                                "obscurity": [
                                    "left",
                                    "bottom"
                                ]
                            },
                            {
                                "data": {
                                    "font": "simExtNumber2",
                                    "justification": "center",
                                    "width": 185,
                                    "x": 92,
                                    "y": 92
                                },
                                "label": {
                                    "font": "simExtNumber1",
                                    "justification": "center",
                                    "x": 92,
                                    "y": 30
                                },
                                "labelDisabled": false,
                                "location": {
                                    "height": 207,
                                    "width": 206,
                                    "x": 209,
                                    "y": 209
                                },
                                "obscurity": [
                                    "right",
                                    "bottom"
                                ]
                            }
                        ],
                        "name": "4 Fields B"
                    },
                    {
                        "drawBorders": true,
                        "fields": [
                            {
                                "data": {
                                    "font": "simExtNumber2",
                                    "justification": "center",
                                    "width": 416,
                                    "x": 208,
                                    "y": 97
                                },
                                "label": {
                                    "font": "simExtNumber1",
                                    "justification": "center",
                                    "x": 208,
                                    "y": 43
                                },
                                "labelDisabled": false,
                                "location": {
                                    "height": 103,
                                    "width": 416,
                                    "x": 0,
                                    "y": 0
                                },
                                "obscurity": [
                                    "left",
                                    "top",
                                    "right"
                                ]
                            },
                            {
                                "data": {
                                    "font": "numberMild",
                                    "justification": "center",
                                    "width": 416,
                                    "x": 208,
                                    "y": 91
                                },
                                "label": {
                                    "font": "simExtNumber1",
                                    "justification": "center",
                                    "x": 208,
                                    "y": 24
                                },
                                "labelDisabled": false,
                                "location": {
                                    "height": 100,
                                    "width": 416,
                                    "x": 0,
                                    "y": 106
                                },
                                "obscurity": [
                                    "left",
                                    "right"
                                ]
                            },
                            {
                                "data": {
                                    "font": "numberMild",
                                    "justification": "center",
                                    "width": 416,
                                    "x": 208,
                                    "y": 92
                                },
                                "label": {
                                    "font": "simExtNumber1",
                                    "justification": "center",
                                    "x": 208,
                                    "y": 24
                                },
                                "labelDisabled": false,
                                "location": {
                                    "height": 102,
                                    "width": 416,
                                    "x": 0,
                                    "y": 209
                                },
                                "obscurity": [
                                    "left",
                                    "right"
                                ]
                            },
                            {
                                "data": {
                                    "font": "simExtNumber2",
                                    "justification": "center",
                                    "width": 416,
                                    "x": 208,
                                    "y": 80
                                },
                                "label": {
                                    "font": "simExtNumber1",
                                    "justification": "center",
                                    "x": 208,
                                    "y": 24
                                },
                                "labelDisabled": false,
                                "location": {
                                    "height": 102,
                                    "width": 416,
                                    "x": 0,
                                    "y": 314
                                },
                                "obscurity": [
                                    "left",
                                    "right",
                                    "bottom"
                                ]
                            }
                        ],
                        "name": "4 Fields C"
                    },
                    {
                        "drawBorders": true,
                        "fields": [
                            {
                                "data": {
                                    "font": "simExtNumber2",
                                    "justification": "center",
                                    "width": 416,
                                    "x": 208,
                                    "y": 97
                                },
                                "label": {
                                    "font": "simExtNumber1",
                                    "justification": "center",
                                    "x": 208,
                                    "y": 43
                                },
                                "labelDisabled": false,
                                "location": {
                                    "height": 103,
                                    "width": 416,
                                    "x": 0,
                                    "y": 0
                                },
                                "obscurity": [
                                    "left",
                                    "top",
                                    "right"
                                ]
                            },
                            {
                                "data": {
                                    "font": "numberMild",
                                    "justification": "center",
                                    "width": 416,
                                    "x": 208,
                                    "y": 91
                                },
                                "label": {
                                    "font": "simExtNumber1",
                                    "justification": "center",
                                    "x": 208,
                                    "y": 24
                                },
                                "labelDisabled": false,
                                "location": {
                                    "height": 100,
                                    "width": 416,
                                    "x": 0,
                                    "y": 106
                                },
                                "obscurity": [
                                    "left",
                                    "right"
                                ]
                            },
                            {
                                "data": {
                                    "font": "simExtNumber2",
                                    "justification": "center",
                                    "width": 181,
                                    "x": 115,
                                    "y": 85
                                },
                                "label": {
                                    "font": "simExtNumber1",
                                    "justification": "center",
                                    "x": 115,
                                    "y": 24
                                },
                                "labelDisabled": false,
                                "location": {
                                    "height": 102,
                                    "width": 206,
                                    "x": 0,
                                    "y": 209
                                },
                                "obscurity": [
                                    "left"
                                ]
                            },
                            {
                                "data": {
                                    "font": "simExtNumber2",
                                    "justification": "center",
                                    "width": 181,
                                    "x": 90,
                                    "y": 85
                                },
                                "label": {
                                    "font": "simExtNumber1",
                                    "justification": "center",
                                    "x": 90,
                                    "y": 24
                                },
                                "labelDisabled": false,
                                "location": {
                                    "height": 102,
                                    "width": 206,
                                    "x": 209,
                                    "y": 209
                                },
                                "obscurity": [
                                    "right"
                                ]
                            },
                            {
                                "data": {
                                    "font": "simExtNumber2",
                                    "justification": "center",
                                    "width": 416,
                                    "x": 208,
                                    "y": 80
                                },
                                "label": {
                                    "font": "simExtNumber1",
                                    "justification": "center",
                                    "x": 208,
                                    "y": 24
                                },
                                "labelDisabled": false,
                                "location": {
                                    "height": 102,
                                    "width": 416,
                                    "x": 0,
                                    "y": 314
                                },
                                "obscurity": [
                                    "left",
                                    "right",
                                    "bottom"
                                ]
                            }
                        ],
                        "name": "5 Fields"
                    },
                    {
                        "drawBorders": true,
                        "fields": [
                            {
                                "data": {
                                    "font": "simExtNumber2",
                                    "justification": "center",
                                    "width": 416,
                                    "x": 208,
                                    "y": 97
                                },
                                "label": {
                                    "font": "simExtNumber1",
                                    "justification": "center",
                                    "x": 208,
                                    "y": 43
                                },
                                "labelDisabled": false,
                                "location": {
                                    "height": 103,
                                    "width": 416,
                                    "x": 0,
                                    "y": 0
                                },
                                "obscurity": [
                                    "left",
                                    "top",
                                    "right"
                                ]
                            },
                            {
                                "data": {
                                    "font": "simExtNumber2",
                                    "justification": "center",
                                    "width": 181,
                                    "x": 115,
                                    "y": 85
                                },
                                "label": {
                                    "font": "simExtNumber1",
                                    "justification": "center",
                                    "x": 115,
                                    "y": 24
                                },
                                "labelDisabled": false,
                                "location": {
                                    "height": 100,
                                    "width": 206,
                                    "x": 0,
                                    "y": 106
                                },
                                "obscurity": [
                                    "left"
                                ]
                            },
                            {
                                "data": {
                                    "font": "simExtNumber2",
                                    "justification": "center",
                                    "width": 181,
                                    "x": 90,
                                    "y": 85
                                },
                                "label": {
                                    "font": "simExtNumber1",
                                    "justification": "center",
                                    "x": 90,
                                    "y": 24
                                },
                                "labelDisabled": false,
                                "location": {
                                    "height": 100,
                                    "width": 206,
                                    "x": 210,
                                    "y": 106
                                },
                                "obscurity": [
                                    "right"
                                ]
                            },
                            {
                                "data": {
                                    "font": "simExtNumber2",
                                    "justification": "center",
                                    "width": 181,
                                    "x": 115,
                                    "y": 85
                                },
                                "label": {
                                    "font": "simExtNumber1",
                                    "justification": "center",
                                    "x": 115,
                                    "y": 24
                                },
                                "labelDisabled": false,
                                "location": {
                                    "height": 102,
                                    "width": 206,
                                    "x": 0,
                                    "y": 209
                                },
                                "obscurity": [
                                    "left"
                                ]
                            },
                            {
                                "data": {
                                    "font": "simExtNumber2",
                                    "justification": "center",
                                    "width": 181,
                                    "x": 90,
                                    "y": 85
                                },
                                "label": {
                                    "font": "simExtNumber1",
                                    "justification": "center",
                                    "x": 90,
                                    "y": 24
                                },
                                "labelDisabled": false,
                                "location": {
                                    "height": 102,
                                    "width": 206,
                                    "x": 209,
                                    "y": 209
                                },
                                "obscurity": [
                                    "right"
                                ]
                            },
                            {
                                "data": {
                                    "font": "simExtNumber2",
                                    "justification": "center",
                                    "width": 416,
                                    "x": 208,
                                    "y": 80
                                },
                                "label": {
                                    "font": "simExtNumber1",
                                    "justification": "center",
                                    "x": 208,
                                    "y": 24
                                },
                                "labelDisabled": false,
                                "location": {
                                    "height": 102,
                                    "width": 416,
                                    "x": 0,
                                    "y": 314
                                },
                                "obscurity": [
                                    "left",
                                    "right",
                                    "bottom"
                                ]
                            }
                        ],
                        "name": "6 Fields"
                    },
                    {
                        "drawBorders": true,
                        "fields": [
                            {
                                "data": {
                                    "font": "simExtNumber3",
                                    "justification": "center",
                                    "width": 416,
                                    "x": 208,
                                    "y": 68
                                },
                                "labelDisabled": true,
                                "location": {
                                    "height": 72,
                                    "width": 416,
                                    "x": 0,
                                    "y": 0
                                },
                                "obscurity": [
                                    "left",
                                    "top",
                                    "right"
                                ]
                            },
                            {
                                "data": {
                                    "font": "simExtNumber3",
                                    "justification": "center",
                                    "width": 177,
                                    "x": 115,
                                    "y": 74
                                },
                                "label": {
                                    "font": "simExtNumber1",
                                    "justification": "center",
                                    "x": 125,
                                    "y": 24
                                },
                                "labelDisabled": false,
                                "location": {
                                    "height": 86,
                                    "width": 206,
                                    "x": 0,
                                    "y": 76
                                },
                                "obscurity": [
                                    "left"
                                ]
                            },
                            {
                                "data": {
                                    "font": "simExtNumber3",
                                    "justification": "center",
                                    "width": 177,
                                    "x": 90,
                                    "y": 74
                                },
                                "label": {
                                    "font": "simExtNumber1",
                                    "justification": "center",
                                    "x": 80,
                                    "y": 24
                                },
                                "labelDisabled": false,
                                "location": {
                                    "height": 86,
                                    "width": 206,
                                    "x": 209,
                                    "y": 76
                                },
                                "obscurity": [
                                    "right"
                                ]
                            },
                            {
                                "data": {
                                    "font": "numberMild",
                                    "justification": "center",
                                    "width": 416,
                                    "x": 208,
                                    "y": 66
                                },
                                "labelDisabled": true,
                                "location": {
                                    "height": 76,
                                    "width": 416,
                                    "x": 0,
                                    "y": 169
                                },
                                "obscurity": [
                                    "left",
                                    "right"
                                ]
                            },
                            {
                                "data": {
                                    "font": "simExtNumber3",
                                    "justification": "center",
                                    "width": 160,
                                    "x": 124,
                                    "y": 74
                                },
                                "label": {
                                    "font": "simExtNumber1",
                                    "justification": "center",
                                    "x": 110,
                                    "y": 24
                                },
                                "labelDisabled": false,
                                "location": {
                                    "height": 86,
                                    "width": 206,
                                    "x": 0,
                                    "y": 254
                                },
                                "obscurity": [
                                    "left"
                                ]
                            },
                            {
                                "data": {
                                    "font": "simExtNumber3",
                                    "justification": "center",
                                    "width": 160,
                                    "x": 82,
                                    "y": 74
                                },
                                "label": {
                                    "font": "simExtNumber1",
                                    "justification": "center",
                                    "x": 95,
                                    "y": 24
                                },
                                "labelDisabled": false,
                                "location": {
                                    "height": 86,
                                    "width": 206,
                                    "x": 209,
                                    "y": 254
                                },
                                "obscurity": [
                                    "right"
                                ]
                            },
                            {
                                "data": {
                                    "font": "simExtNumber3",
                                    "justification": "center",
                                    "width": 416,
                                    "x": 208,
                                    "y": 41
                                },
                                "labelDisabled": true,
                                "location": {
                                    "height": 72,
                                    "width": 416,
                                    "x": 0,
                                    "y": 344
                                },
                                "obscurity": [
                                    "left",
                                    "right",
                                    "bottom"
                                ]
                            }
                        ],
                        "name": "7 Fields"
                    },
                    {
                        "drawBorders": true,
                        "fields": [
                            {
                                "data": {
                                    "font": "simExtNumber3",
                                    "justification": "center",
                                    "width": 416,
                                    "x": 208,
                                    "y": 68
                                },
                                "labelDisabled": true,
                                "location": {
                                    "height": 72,
                                    "width": 416,
                                    "x": 0,
                                    "y": 0
                                },
                                "obscurity": [
                                    "left",
                                    "top",
                                    "right"
                                ]
                            },
                            {
                                "data": {
                                    "font": "simExtNumber3",
                                    "justification": "center",
                                    "width": 177,
                                    "x": 115,
                                    "y": 74
                                },
                                "label": {
                                    "font": "simExtNumber1",
                                    "justification": "center",
                                    "x": 125,
                                    "y": 24
                                },
                                "labelDisabled": false,
                                "location": {
                                    "height": 86,
                                    "width": 206,
                                    "x": 0,
                                    "y": 76
                                },
                                "obscurity": [
                                    "left"
                                ]
                            },
                            {
                                "data": {
                                    "font": "simExtNumber3",
                                    "justification": "center",
                                    "width": 177,
                                    "x": 90,
                                    "y": 74
                                },
                                "label": {
                                    "font": "simExtNumber1",
                                    "justification": "center",
                                    "x": 80,
                                    "y": 24
                                },
                                "labelDisabled": false,
                                "location": {
                                    "height": 86,
                                    "width": 206,
                                    "x": 209,
                                    "y": 76
                                },
                                "obscurity": [
                                    "right"
                                ]
                            },
                            {
                                "data": {
                                    "font": "simExtNumber3",
                                    "justification": "center",
                                    "width": 204,
                                    "x": 102,
                                    "y": 74
                                },
                                "label": {
                                    "font": "simExtNumber1",
                                    "justification": "center",
                                    "x": 102,
                                    "y": 24
                                },
                                "labelDisabled": false,
                                "location": {
                                    "height": 86,
                                    "width": 206,
                                    "x": 0,
                                    "y": 165
                                },
                                "obscurity": [
                                    "left"
                                ]
                            },
                            {
                                "data": {
                                    "font": "simExtNumber3",
                                    "justification": "center",
                                    "width": 204,
                                    "x": 104,
                                    "y": 74
                                },
                                "label": {
                                    "font": "simExtNumber1",
                                    "justification": "center",
                                    "x": 104,
                                    "y": 24
                                },
                                "labelDisabled": false,
                                "location": {
                                    "height": 86,
                                    "width": 206,
                                    "x": 209,
                                    "y": 165
                                },
                                "obscurity": [
                                    "right"
                                ]
                            },
                            {
                                "data": {
                                    "font": "simExtNumber3",
                                    "justification": "center",
                                    "width": 160,
                                    "x": 124,
                                    "y": 74
                                },
                                "label": {
                                    "font": "simExtNumber1",
                                    "justification": "center",
                                    "x": 110,
                                    "y": 24
                                },
                                "labelDisabled": false,
                                "location": {
                                    "height": 86,
                                    "width": 206,
                                    "x": 0,
                                    "y": 254
                                },
                                "obscurity": [
                                    "left"
                                ]
                            },
                            {
                                "data": {
                                    "font": "simExtNumber3",
                                    "justification": "center",
                                    "width": 160,
                                    "x": 82,
                                    "y": 74
                                },
                                "label": {
                                    "font": "simExtNumber1",
                                    "justification": "center",
                                    "x": 95,
                                    "y": 24
                                },
                                "labelDisabled": false,
                                "location": {
                                    "height": 86,
                                    "width": 206,
                                    "x": 209,
                                    "y": 254
                                },
                                "obscurity": [
                                    "right"
                                ]
                            },
                            {
                                "data": {
                                    "font": "simExtNumber3",
                                    "justification": "center",
                                    "width": 416,
                                    "x": 208,
                                    "y": 41
                                },
                                "labelDisabled": true,
                                "location": {
                                    "height": 72,
                                    "width": 416,
                                    "x": 0,
                                    "y": 344
                                },
                                "obscurity": [
                                    "left",
                                    "right",
                                    "bottom"
                                ]
                            }
                        ],
                        "name": "8 Fields"
                    }
                ]
            },
            "menu2": {
                "customTitle": {
                    "height": 121,
                    "width": 231,
                    "x": 93,
                    "y": 36
                },
                "doneButtons": {},
                "items": {
                    "checks": [
                        {
                            "alignment": "left",
                            "disabledIconFile": "ncheck_off.png",
                            "enabledIconFile": "ncheck_on.png",
                            "x": -5,
                            "y": 20
                        },
                        {
                            "alignment": "right",
                            "disabledIconFile": "ncheck_off.png",
                            "enabledIconFile": "ncheck_on.png",
                            "x": 295,
                            "y": 20
                        }
                    ],
                    "divider": 0,
                    "icons": {
                        "check": "left",
                        "icon": "left",
                        "leftLocation": {
                            "height": 99,
                            "width": 69,
                            "x": 0,
                            "y": 0
                        },
                        "rightLocation": {
                            "height": 99,
                            "width": 69,
                            "x": 285,
                            "y": 0
                        },
                        "toggle": "right"
                    },
                    "item": {
                        "height": 100,
                        "labelFont": "tiny",
                        "selectedLabelFont": "auxiliaryFont1",
                        "selectedSubLabelFont": "auxiliaryFont2",
                        "subLabelFont": "xtiny",
                        "width": 416,
                        "xOffset": 52,
                        "xOffsetItem": 52
                    },
                    "region": {
                        "height": 100,
                        "width": 416,
                        "x": 0,
                        "y": 0
                    },
                    "stringWidths": {
                        "basic": 346,
                        "check": 212,
                        "icon": 176,
                        "toggle": 246
                    },
                    "toggles": [
                        {
                            "alignment": "left",
                            "disabledIconFile": "ntoggle_off.png",
                            "enabledIconFile": "ntoggle_on.png",
                            "x": 0,
                            "y": 19
                        },
                        {
                            "alignment": "right",
                            "disabledIconFile": "ntoggle_off.png",
                            "enabledIconFile": "ntoggle_on.png",
                            "x": 335,
                            "y": 19
                        }
                    ]
                },
                "mode": "touchButton",
                "themes": {
                    "area": {
                        "height": 100,
                        "width": 416,
                        "x": 0,
                        "y": 158
                    },
                    "themes": [
                        {
                            "filename": "nLists_Default.png",
                            "name": "default"
                        },
                        {
                            "filename": "nLists_Blue.png",
                            "name": "blue"
                        },
                        {
                            "filename": "nLists_Cyan.png",
                            "name": "cyan"
                        },
                        {
                            "filename": "nLists_Green.png",
                            "name": "green"
                        },
                        {
                            "filename": "nLists_Yellow.png",
                            "name": "yellow"
                        },
                        {
                            "filename": "nLists_Orange.png",
                            "name": "orange"
                        },
                        {
                            "filename": "nLists_Red.png",
                            "name": "red"
                        },
                        {
                            "filename": "nLists_Pink.png",
                            "name": "pink"
                        },
                        {
                            "filename": "nLists_Purple.png",
                            "name": "purple"
                        },
                        {
                            "filename": "nLists_Yellow_Green.png",
                            "name": "yellow_green"
                        }
                    ]
                },
                "title": {
                    "height": 158,
                    "width": 416,
                    "x": 0,
                    "y": 0
                },
                "titleString": {
                    "font": "tiny",
                    "lineCount": 1,
                    "width": 333,
                    "x": 206,
                    "y": 90
                }
            },
            "orientation": "portrait",
            "pageIndicator": {
                "colors": {
                    "background": "000000",
                    "outline": "808080",
                    "selected": "808080"
                },
                "location": "left",
                "timeout": 3000,
                "type": "arc"
            },
            "picker": {
                "entries": [
                    {
                        "height": 1,
                        "width": 1,
                        "x": 0,
                        "y": 0
                    },
                    {
                        "height": 156,
                        "width": 290,
                        "x": 63,
                        "y": 201
                    },
                    {
                        "height": 1,
                        "width": 1,
                        "x": 359,
                        "y": 0
                    }
                ],
                "nextArrow": {
                    "height": 17,
                    "width": 25,
                    "x": 195,
                    "y": 184
                },
                "previousArrow": {
                    "height": 17,
                    "width": 25,
                    "x": 195,
                    "y": 357
                },
                "showConfirm": true,
                "title": {
                    "height": 43,
                    "width": 320,
                    "x": 48,
                    "y": 75
                }
            },
            "toast": {
                "autoDismissTime": 30000,
                "height": 147,
                "icon": {
                    "height": 54,
                    "width": 54,
                    "x": 208,
                    "y": 27
                },
                "imagePath": "notification_banner.png",
                "text": {
                    "firstLine": 0,
                    "font": "xtiny",
                    "fontSingleLine": "tiny",
                    "height": 30,
                    "lineCount": 2,
                    "shortenWithEllipsis": true,
                    "staticJustification": 5,
                    "width": 310,
                    "x": 52,
                    "y": 98
                },
                "type": "background"
            }
        }
    ],
    "ppi": 325,
    "redshiftSupport": true,
    "screenProtectionSupport": true,
    "sensorHistory": [
        {
            "interval": 120,
            "size": 180,
            "type": "elevation"
        },
        {
            "interval": 60,
            "size": 360,
            "type": "heartrate"
        },
        {
            "interval": 120,
            "size": 180,
            "type": "pressure"
        },
        {
            "interval": 3600,
            "size": 192,
            "type": "pulseox"
        },
        {
            "interval": 120,
            "size": 180,
            "type": "temperature"
        }
    ],
    "sensorSampleRate": {
        "highFrequencyRate": true,
        "maxAccelRate": 100,
        "maxGyroRate": 100,
        "maxMagRate": 50
    },
    "solarChargingSupport": false,
    "watchdogCount": 240000,
    "wifiExclusions": [
        "normal"
    ]
}