{
    "appStorageCapacity": 10485760,
    "display": {
        "behaviors": [
            {
                "gesture": "swipeRight",
                "id": "onBack"
            },
            {
                "gesture": "swipeLeft"
            },
            {
                "gesture": "swipeUp",
                "id": "nextPage"
            },
            {
                "gesture": "swipeDown",
                "id": "previousPage"
            },
            {
                "gesture": "hold"
            },
            {
                "gesture": "release"
            },
            {
                "gesture": "tap",
                "id": "onSelect"
            }
        ],
        "isTouch": true,
        "landscapeOrientation": 0,
        "location": {
            "height": 390,
            "width": 390,
            "x": 80,
            "y": 197
        },
        "shape": "round"
    },
    "fonts": [
        {
            "fontSet": "ww",
            "fonts": [
                {
                    "filename": "FNT_VENU_ROBOTO_TINY_BOLD",
                    "name": "xtiny"
                },
                {
                    "filename": "FNT_VENU_ROBOTO_SMALL_BOLD",
                    "name": "tiny"
                },
                {
                    "filename": "FNT_VENU_ROBOTO_MEDIUM_BOLD",
                    "name": "small"
                },
                {
                    "filename": "FNT_VENU_ROBOTO_LARGE_BOLD",
                    "name": "medium"
                },
                {
                    "filename": "FNT_VENU_ROBOTO_LARGE_PLUS_BOLD",
                    "name": "large"
                },
                {
                    "filename": "FNT_VENU_REGULAR_NUMBER_FONT_2",
                    "name": "numberMild"
                },
                {
                    "filename": "FNT_VENU_REGULAR_NUMBER_FONT_3",
                    "name": "numberMedium"
                },
                {
                    "filename": "FNT_VENU_BOLD_NUMBER_FONT_6",
                    "name": "numberHot"
                },
                {
                    "filename": "FNT_VENU_BOLD_NUMBER_FONT_7",
                    "name": "numberThaiHot"
                },
                {
                    "filename": "FNT_VENU_ROBOTO_TINY_BOLD",
                    "name": "systemXtiny"
                },
                {
                    "filename": "FNT_VENU_ROBOTO_SMALL_BOLD",
                    "name": "systemTiny"
                },
                {
                    "filename": "FNT_VENU_ROBOTO_MEDIUM_BOLD",
                    "name": "systemSmall"
                },
                {
                    "filename": "FNT_VENU_ROBOTO_LARGE_BOLD",
                    "name": "systemMedium"
                },
                {
                    "filename": "FNT_VENU_ROBOTO_LARGE_PLUS_BOLD",
                    "name": "systemLarge"
                },
                {
                    "filename": "FNT_VENU_REGULAR_NUMBER_FONT_2",
                    "name": "systemNumberMild"
                },
                {
                    "filename": "FNT_VENU_REGULAR_NUMBER_FONT_3",
                    "name": "systemNumberMedium"
                },
                {
                    "filename": "FNT_VENU_BOLD_NUMBER_FONT_6",
                    "name": "systemNumberHot"
                },
                {
                    "filename": "FNT_VENU_BOLD_NUMBER_FONT_7",
                    "name": "systemNumberThaiHot"
                },
                {
                    "filename": "FNT_VENU_REGULAR_NUMBER_FONT_3",
                    "name": "simExtNumber1"
                },
                {
                    "filename": "FNT_VENU_REGULAR_NUMBER_FONT_4",
                    "name": "simExtNumber2"
                },
                {
                    "filename": "FNT_VENU_BOLD_NUMBER_FONT_5",
                    "name": "simExtNumber3"
                }
            ]
        },
        {
            "fontSet": "apac_chn",
            "fonts": [
                {
                    "filename": "FNT_NOTO_SANS_CJK_TC_BOLD_CHN_33",
                    "name": "xtiny"
                },
                {
                    "filename": "FNT_NOTO_SANS_CJK_TC_BOLD_CHN_41",
                    "name": "tiny"
                },
                {
                    "filename": "FNT_NOTO_SANS_CJK_TC_BOLD_CHN_46",
                    "name": "small"
                },
                {
                    "filename": "FNT_NOTO_SANS_CJK_TC_BOLD_CHN_55B",
                    "name": "medium"
                },
                {
                    "filename": "FNT_NOTO_SANS_CJK_TC_BOLD_CHN_61B",
                    "name": "large"
                },
                {
                    "filename": "FNT_VENU_REGULAR_NUMBER_FONT_2",
                    "name": "numberMild"
                },
                {
                    "filename": "FNT_VENU_REGULAR_NUMBER_FONT_3",
                    "name": "numberMedium"
                },
                {
                    "filename": "FNT_VENU_BOLD_NUMBER_FONT_6",
                    "name": "numberHot"
                },
                {
                    "filename": "FNT_VENU_BOLD_NUMBER_FONT_7",
                    "name": "numberThaiHot"
                },
                {
                    "filename": "FNT_NOTO_SANS_CJK_TC_BOLD_CHN_33",
                    "name": "systemXtiny"
                },
                {
                    "filename": "FNT_NOTO_SANS_CJK_TC_BOLD_CHN_41",
                    "name": "systemTiny"
                },
                {
                    "filename": "FNT_NOTO_SANS_CJK_TC_BOLD_CHN_46",
                    "name": "systemSmall"
                },
                {
                    "filename": "FNT_NOTO_SANS_CJK_TC_BOLD_CHN_55B",
                    "name": "systemMedium"
                },
                {
                    "filename": "FNT_NOTO_SANS_CJK_TC_BOLD_CHN_61B",
                    "name": "systemLarge"
                },
                {
                    "filename": "FNT_VENU_REGULAR_NUMBER_FONT_2",
                    "name": "systemNumberMild"
                },
                {
                    "filename": "FNT_VENU_REGULAR_NUMBER_FONT_3",
                    "name": "systemNumberMedium"
                },
                {
                    "filename": "FNT_VENU_BOLD_NUMBER_FONT_6",
                    "name": "systemNumberHot"
                },
                {
                    "filename": "FNT_VENU_BOLD_NUMBER_FONT_7",
                    "name": "systemNumberThaiHot"
                },
                {
                    "filename": "FNT_VENU_REGULAR_NUMBER_FONT_3",
                    "name": "simExtNumber1"
                },
                {
                    "filename": "FNT_VENU_REGULAR_NUMBER_FONT_4",
                    "name": "simExtNumber2"
                },
                {
                    "filename": "FNT_VENU_BOLD_NUMBER_FONT_5",
                    "name": "simExtNumber3"
                }
            ]
        },
        {
            "fontSet": "apac_twn",
            "fonts": [
                {
                    "filename": "FNT_NOTO_SANS_CJK_TC_BOLD_TWN_33",
                    "name": "xtiny"
                },
                {
                    "filename": "FNT_NOTO_SANS_CJK_TC_BOLD_TWN_41",
                    "name": "tiny"
                },
                {
                    "filename": "FNT_NOTO_SANS_CJK_TC_BOLD_TWN_46",
                    "name": "small"
                },
                {
                    "filename": "FNT_NOTO_SANS_CJK_TC_BOLD_TWN_55B",
                    "name": "medium"
                },
                {
                    "filename": "FNT_NOTO_SANS_CJK_TC_BOLD_TWN_61B",
                    "name": "large"
                },
                {
                    "filename": "FNT_VENU_REGULAR_NUMBER_FONT_2",
                    "name": "numberMild"
                },
                {
                    "filename": "FNT_VENU_REGULAR_NUMBER_FONT_3",
                    "name": "numberMedium"
                },
                {
                    "filename": "FNT_VENU_BOLD_NUMBER_FONT_6",
                    "name": "numberHot"
                },
                {
                    "filename": "FNT_VENU_BOLD_NUMBER_FONT_7",
                    "name": "numberThaiHot"
                },
                {
                    "filename": "FNT_NOTO_SANS_CJK_TC_BOLD_TWN_33",
                    "name": "systemXtiny"
                },
                {
                    "filename": "FNT_NOTO_SANS_CJK_TC_BOLD_TWN_41",
                    "name": "systemTiny"
                },
                {
                    "filename": "FNT_NOTO_SANS_CJK_TC_BOLD_TWN_46",
                    "name": "systemSmall"
                },
                {
                    "filename": "FNT_NOTO_SANS_CJK_TC_BOLD_TWN_55B",
                    "name": "systemMedium"
                },
                {
                    "filename": "FNT_NOTO_SANS_CJK_TC_BOLD_TWN_61B",
                    "name": "systemLarge"
                },
                {
                    "filename": "FNT_VENU_REGULAR_NUMBER_FONT_2",
                    "name": "systemNumberMild"
                },
                {
                    "filename": "FNT_VENU_REGULAR_NUMBER_FONT_3",
                    "name": "systemNumberMedium"
                },
                {
                    "filename": "FNT_VENU_BOLD_NUMBER_FONT_6",
                    "name": "systemNumberHot"
                },
                {
                    "filename": "FNT_VENU_BOLD_NUMBER_FONT_7",
                    "name": "systemNumberThaiHot"
                },
                {
                    "filename": "FNT_VENU_REGULAR_NUMBER_FONT_3",
                    "name": "simExtNumber1"
                },
                {
                    "filename": "FNT_VENU_REGULAR_NUMBER_FONT_4",
                    "name": "simExtNumber2"
                },
                {
                    "filename": "FNT_VENU_BOLD_NUMBER_FONT_5",
                    "name": "simExtNumber3"
                }
            ]
        },
        {
            "fontSet": "apac_jpn",
            "fonts": [
                {
                    "filename": "FNT_NOTO_SANS_CJK_JP_BOLD_33",
                    "name": "xtiny"
                },
                {
                    "filename": "FNT_NOTO_SANS_CJK_JP_BOLD_41",
                    "name": "tiny"
                },
                {
                    "filename": "FNT_NOTO_SANS_CJK_JP_BOLD_46",
                    "name": "small"
                },
                {
                    "filename": "FNT_NOTO_SANS_CJK_JP_BOLD_55B",
                    "name": "medium"
                },
                {
                    "filename": "FNT_NOTO_SANS_CJK_JP_BOLD_61B",
                    "name": "large"
                },
                {
                    "filename": "FNT_VENU_REGULAR_NUMBER_FONT_2",
                    "name": "numberMild"
                },
                {
                    "filename": "FNT_VENU_REGULAR_NUMBER_FONT_3",
                    "name": "numberMedium"
                },
                {
                    "filename": "FNT_VENU_BOLD_NUMBER_FONT_6",
                    "name": "numberHot"
                },
                {
                    "filename": "FNT_VENU_BOLD_NUMBER_FONT_7",
                    "name": "numberThaiHot"
                },
                {
                    "filename": "FNT_NOTO_SANS_CJK_JP_BOLD_33",
                    "name": "systemXtiny"
                },
                {
                    "filename": "FNT_NOTO_SANS_CJK_JP_BOLD_41",
                    "name": "systemTiny"
                },
                {
                    "filename": "FNT_NOTO_SANS_CJK_JP_BOLD_46",
                    "name": "systemSmall"
                },
                {
                    "filename": "FNT_NOTO_SANS_CJK_JP_BOLD_55B",
                    "name": "systemMedium"
                },
                {
                    "filename": "FNT_NOTO_SANS_CJK_JP_BOLD_61B",
                    "name": "systemLarge"
                },
                {
                    "filename": "FNT_VENU_REGULAR_NUMBER_FONT_2",
                    "name": "systemNumberMild"
                },
                {
                    "filename": "FNT_VENU_REGULAR_NUMBER_FONT_3",
                    "name": "systemNumberMedium"
                },
                {
                    "filename": "FNT_VENU_BOLD_NUMBER_FONT_6",
                    "name": "systemNumberHot"
                },
                {
                    "filename": "FNT_VENU_BOLD_NUMBER_FONT_7",
                    "name": "systemNumberThaiHot"
                },
                {
                    "filename": "FNT_VENU_REGULAR_NUMBER_FONT_3",
                    "name": "simExtNumber1"
                },
                {
                    "filename": "FNT_VENU_REGULAR_NUMBER_FONT_4",
                    "name": "simExtNumber2"
                },
                {
                    "filename": "FNT_VENU_BOLD_NUMBER_FONT_5",
                    "name": "simExtNumber3"
                }
            ]
        },
        {
            "fontSet": "apac_kor",
            "fonts": [
                {
                    "filename": "FNT_NOTO_SANS_CJK_KR_REGULAR_33",
                    "name": "xtiny"
                },
                {
                    "filename": "FNT_NOTO_SANS_CJK_KR_REGULAR_41",
                    "name": "tiny"
                },
                {
                    "filename": "FNT_NOTO_SANS_CJK_KR_REGULAR_46",
                    "name": "small"
                },
                {
                    "filename": "FNT_NOTO_SANS_CJK_KR_REGULAR_55B",
                    "name": "medium"
                },
                {
                    "filename": "FNT_NOTO_SANS_CJK_KR_REGULAR_61B",
                    "name": "large"
                },
                {
                    "filename": "FNT_VENU_REGULAR_NUMBER_FONT_2",
                    "name": "numberMild"
                },
                {
                    "filename": "FNT_VENU_REGULAR_NUMBER_FONT_3",
                    "name": "numberMedium"
                },
                {
                    "filename": "FNT_VENU_BOLD_NUMBER_FONT_6",
                    "name": "numberHot"
                },
                {
                    "filename": "FNT_VENU_BOLD_NUMBER_FONT_7",
                    "name": "numberThaiHot"
                },
                {
                    "filename": "FNT_NOTO_SANS_CJK_KR_REGULAR_33",
                    "name": "systemXtiny"
                },
                {
                    "filename": "FNT_NOTO_SANS_CJK_KR_REGULAR_41",
                    "name": "systemTiny"
                },
                {
                    "filename": "FNT_NOTO_SANS_CJK_KR_REGULAR_46",
                    "name": "systemSmall"
                },
                {
                    "filename": "FNT_NOTO_SANS_CJK_KR_REGULAR_55B",
                    "name": "systemMedium"
                },
                {
                    "filename": "FNT_NOTO_SANS_CJK_KR_REGULAR_61B",
                    "name": "systemLarge"
                },
                {
                    "filename": "FNT_VENU_REGULAR_NUMBER_FONT_2",
                    "name": "systemNumberMild"
                },
                {
                    "filename": "FNT_VENU_REGULAR_NUMBER_FONT_3",
                    "name": "systemNumberMedium"
                },
                {
                    "filename": "FNT_VENU_BOLD_NUMBER_FONT_6",
                    "name": "systemNumberHot"
                },
                {
                    "filename": "FNT_VENU_BOLD_NUMBER_FONT_7",
                    "name": "systemNumberThaiHot"
                },
                {
                    "filename": "FNT_VENU_REGULAR_NUMBER_FONT_3",
                    "name": "simExtNumber1"
                },
                {
                    "filename": "FNT_VENU_REGULAR_NUMBER_FONT_4",
                    "name": "simExtNumber2"
                },
                {
                    "filename": "FNT_VENU_BOLD_NUMBER_FONT_5",
                    "name": "simExtNumber3"
                }
            ]
        },
        {
            "fontSet": "apac_tha",
            "fonts": [
                {
                    "filename": "bitstreamVeraSans 16",
                    "name": "xtiny"
                },
                {
                    "filename": "bitstreamVeraSans 16",
                    "name": "tiny"
                },
                {
                    "filename": "bitstreamVeraSans 16",
                    "name": "small"
                },
                {
                    "filename": "bitstreamVeraSans 21",
                    "name": "medium"
                },
                {
                    "filename": "bitstreamVeraSans 27",
                    "name": "large"
                },
                {
                    "filename": "FNT_VENU_REGULAR_NUMBER_FONT_2",
                    "name": "numberMild"
                },
                {
                    "filename": "FNT_VENU_REGULAR_NUMBER_FONT_3",
                    "name": "numberMedium"
                },
                {
                    "filename": "FNT_VENU_BOLD_NUMBER_FONT_6",
                    "name": "numberHot"
                },
                {
                    "filename": "FNT_VENU_BOLD_NUMBER_FONT_7",
                    "name": "numberThaiHot"
                },
                {
                    "filename": "bitstreamVeraSans 16",
                    "name": "systemXtiny"
                },
                {
                    "filename": "bitstreamVeraSans 16",
                    "name": "systemTiny"
                },
                {
                    "filename": "bitstreamVeraSans 16",
                    "name": "systemSmall"
                },
                {
                    "filename": "bitstreamVeraSans 21",
                    "name": "systemMedium"
                },
                {
                    "filename": "bitstreamVeraSans 27",
                    "name": "systemLarge"
                },
                {
                    "filename": "FNT_VENU_REGULAR_NUMBER_FONT_2",
                    "name": "systemNumberMild"
                },
                {
                    "filename": "FNT_VENU_REGULAR_NUMBER_FONT_3",
                    "name": "systemNumberMedium"
                },
                {
                    "filename": "FNT_VENU_BOLD_NUMBER_FONT_6",
                    "name": "systemNumberHot"
                },
                {
                    "filename": "FNT_VENU_BOLD_NUMBER_FONT_7",
                    "name": "systemNumberThaiHot"
                },
                {
                    "filename": "FNT_VENU_REGULAR_NUMBER_FONT_3",
                    "name": "simExtNumber1"
                },
                {
                    "filename": "FNT_VENU_REGULAR_NUMBER_FONT_4",
                    "name": "simExtNumber2"
                },
                {
                    "filename": "FNT_VENU_BOLD_NUMBER_FONT_5",
                    "name": "simExtNumber3"
                }
            ]
        },
        {
            "fontSet": "apac_vie",
            "fonts": [
                {
                    "filename": "FNT_NOTO_SANS_BOLD_VIET_33",
                    "name": "xtiny"
                },
                {
                    "filename": "FNT_NOTO_SANS_BOLD_VIET_41",
                    "name": "tiny"
                },
                {
                    "filename": "FNT_NOTO_SANS_BOLD_VIET_46",
                    "name": "small"
                },
                {
                    "filename": "FNT_NOTO_SANS_BOLD_VIET_55B",
                    "name": "medium"
                },
                {
                    "filename": "FNT_NOTO_SANS_BOLD_VIET_61B",
                    "name": "large"
                },
                {
                    "filename": "FNT_VENU_REGULAR_NUMBER_FONT_2",
                    "name": "numberMild"
                },
                {
                    "filename": "FNT_VENU_REGULAR_NUMBER_FONT_3",
                    "name": "numberMedium"
                },
                {
                    "filename": "FNT_VENU_BOLD_NUMBER_FONT_6",
                    "name": "numberHot"
                },
                {
                    "filename": "FNT_VENU_BOLD_NUMBER_FONT_7",
                    "name": "numberThaiHot"
                },
                {
                    "filename": "FNT_NOTO_SANS_BOLD_VIET_33",
                    "name": "systemXtiny"
                },
                {
                    "filename": "FNT_NOTO_SANS_BOLD_VIET_41",
                    "name": "systemTiny"
                },
                {
                    "filename": "FNT_NOTO_SANS_BOLD_VIET_46",
                    "name": "systemSmall"
                },
                {
                    "filename": "FNT_NOTO_SANS_BOLD_VIET_55B",
                    "name": "systemMedium"
                },
                {
                    "filename": "FNT_NOTO_SANS_BOLD_VIET_61B",
                    "name": "systemLarge"
                },
                {
                    "filename": "FNT_VENU_REGULAR_NUMBER_FONT_2",
                    "name": "systemNumberMild"
                },
                {
                    "filename": "FNT_VENU_REGULAR_NUMBER_FONT_3",
                    "name": "systemNumberMedium"
                },
                {
                    "filename": "FNT_VENU_BOLD_NUMBER_FONT_6",
                    "name": "systemNumberHot"
                },
                {
                    "filename": "FNT_VENU_BOLD_NUMBER_FONT_7",
                    "name": "systemNumberThaiHot"
                },
                {
                    "filename": "FNT_VENU_REGULAR_NUMBER_FONT_3",
                    "name": "simExtNumber1"
                },
                {
                    "filename": "FNT_VENU_REGULAR_NUMBER_FONT_4",
                    "name": "simExtNumber2"
                },
                {
                    "filename": "FNT_VENU_BOLD_NUMBER_FONT_5",
                    "name": "simExtNumber3"
                }
            ]
        }
    ],
    "image": "venud.png",
    "keys": [
        {
            "id": "enter",
            "location": {
                "height": 85,
                "width": 53,
                "x": 476,
                "y": 218
            }
        },
        {
            "behavior": "onMenu",
            "id": "menu",
            "isHold": true,
            "location": {
                "height": 85,
                "width": 53,
                "x": 476,
                "y": 484
            }
        },
        {
            "behavior": "onBack",
            "id": "esc",
            "location": {
                "height": 85,
                "width": 53,
                "x": 476,
                "y": 484
            }
        }
    ],
    "layouts": [
        {
            "datafields": {
                "datafields": [
                    {
                        "drawBorders": false,
                        "fields": [
                            {
                                "data": {
                                    "font": "numberThaiHot",
                                    "justification": "center",
                                    "width": 390,
                                    "x": 195,
                                    "y": 249
                                },
                                "label": {
                                    "font": "xtiny",
                                    "justification": "center",
                                    "x": 195,
                                    "y": 129
                                },
                                "labelDisabled": false,
                                "location": {
                                    "height": 390,
                                    "width": 390,
                                    "x": 0,
                                    "y": 0
                                },
                                "obscurity": [
                                    "left",
                                    "top",
                                    "right",
                                    "bottom"
                                ]
                            }
                        ],
                        "name": "1 Field"
                    },
                    {
                        "drawBorders": false,
                        "fields": [
                            {
                                "data": {
                                    "font": "simExtNumber3",
                                    "justification": "center",
                                    "width": 390,
                                    "x": 195,
                                    "y": 122
                                },
                                "label": {
                                    "font": "xtiny",
                                    "justification": "center",
                                    "x": 195,
                                    "y": 45
                                },
                                "labelDisabled": false,
                                "location": {
                                    "height": 194,
                                    "width": 390,
                                    "x": 0,
                                    "y": 0
                                },
                                "obscurity": [
                                    "left",
                                    "top",
                                    "right"
                                ]
                            },
                            {
                                "data": {
                                    "font": "simExtNumber3",
                                    "justification": "center",
                                    "width": 390,
                                    "x": 195,
                                    "y": 122
                                },
                                "label": {
                                    "font": "xtiny",
                                    "justification": "center",
                                    "x": 195,
                                    "y": 45
                                },
                                "labelDisabled": false,
                                "location": {
                                    "height": 194,
                                    "width": 390,
                                    "x": 0,
                                    "y": 195
                                },
                                "obscurity": [
                                    "left",
                                    "right",
                                    "bottom"
                                ]
                            }
                        ],
                        "name": "2 Fields"
                    },
                    {
                        "drawBorders": false,
                        "fields": [
                            {
                                "data": {
                                    "font": "simExtNumber2",
                                    "justification": "center",
                                    "width": 390,
                                    "x": 195,
                                    "y": 110
                                },
                                "label": {
                                    "font": "xtiny",
                                    "justification": "center",
                                    "x": 195,
                                    "y": 33
                                },
                                "labelDisabled": false,
                                "location": {
                                    "height": 129,
                                    "width": 390,
                                    "x": 0,
                                    "y": 0
                                },
                                "obscurity": [
                                    "left",
                                    "top",
                                    "right"
                                ]
                            },
                            {
                                "data": {
                                    "font": "numberThaiHot",
                                    "justification": "center",
                                    "width": 390,
                                    "x": 195,
                                    "y": 112
                                },
                                "label": {
                                    "font": "xtiny",
                                    "justification": "center",
                                    "x": 195,
                                    "y": 32
                                },
                                "labelDisabled": false,
                                "location": {
                                    "height": 128,
                                    "width": 390,
                                    "x": 0,
                                    "y": 131
                                },
                                "obscurity": [
                                    "left",
                                    "right"
                                ]
                            },
                            {
                                "data": {
                                    "font": "simExtNumber2",
                                    "justification": "center",
                                    "width": 390,
                                    "x": 195,
                                    "y": 110
                                },
                                "label": {
                                    "font": "xtiny",
                                    "justification": "center",
                                    "x": 195,
                                    "y": 33
                                },
                                "labelDisabled": false,
                                "location": {
                                    "height": 129,
                                    "width": 390,
                                    "x": 0,
                                    "y": 261
                                },
                                "obscurity": [
                                    "left",
                                    "right",
                                    "bottom"
                                ]
                            }
                        ],
                        "name": "3 Fields"
                    },
                    {
                        "drawBorders": false,
                        "fields": [
                            {
                                "data": {
                                    "font": "simExtNumber2",
                                    "justification": "center",
                                    "width": 390,
                                    "x": 195,
                                    "y": 112
                                },
                                "label": {
                                    "font": "xtiny",
                                    "justification": "center",
                                    "x": 195,
                                    "y": 35
                                },
                                "labelDisabled": false,
                                "location": {
                                    "height": 129,
                                    "width": 390,
                                    "x": 0,
                                    "y": 0
                                },
                                "obscurity": [
                                    "left",
                                    "top",
                                    "right"
                                ]
                            },
                            {
                                "data": {
                                    "font": "simExtNumber1",
                                    "justification": "center",
                                    "width": 195,
                                    "x": 97,
                                    "y": 113
                                },
                                "label": {
                                    "font": "xtiny",
                                    "justification": "center",
                                    "x": 97,
                                    "y": 35
                                },
                                "labelDisabled": false,
                                "location": {
                                    "height": 128,
                                    "width": 194,
                                    "x": 0,
                                    "y": 131
                                },
                                "obscurity": [
                                    "left"
                                ]
                            },
                            {
                                "data": {
                                    "font": "simExtNumber1",
                                    "justification": "center",
                                    "width": 195,
                                    "x": 97,
                                    "y": 113
                                },
                                "label": {
                                    "font": "xtiny",
                                    "justification": "center",
                                    "x": 97,
                                    "y": 35
                                },
                                "labelDisabled": false,
                                "location": {
                                    "height": 128,
                                    "width": 194,
                                    "x": 196,
                                    "y": 131
                                },
                                "obscurity": [
                                    "right"
                                ]
                            },
                            {
                                "data": {
                                    "font": "simExtNumber2",
                                    "justification": "center",
                                    "width": 390,
                                    "x": 195,
                                    "y": 110
                                },
                                "label": {
                                    "font": "xtiny",
                                    "justification": "center",
                                    "x": 195,
                                    "y": 35
                                },
                                "labelDisabled": false,
                                "location": {
                                    "height": 129,
                                    "width": 390,
                                    "x": 0,
                                    "y": 261
                                },
                                "obscurity": [
                                    "left",
                                    "right",
                                    "bottom"
                                ]
                            }
                        ],
                        "name": "4 Fields"
                    }
                ]
            },
            "menu2": {
                "customTitle": {
                    "height": 62,
                    "width": 164,
                    "x": 113,
                    "y": 18
                },
                "doneButtons": {
                    "bottom": true
                },
                "items": {
                    "checks": [
                        {
                            "alignment": "left",
                            "disabledIconFile": "menu2_check_off_vva4.png",
                            "enabledIconFile": "menu2_check_on_vva4.png",
                            "x": 26,
                            "y": 37
                        },
                        {
                            "alignment": "right",
                            "disabledIconFile": "menu2_check_off_vva4.png",
                            "enabledIconFile": "menu2_check_on_vva4.png",
                            "x": 324,
                            "y": 37
                        }
                    ],
                    "divider": 2,
                    "icons": {
                        "check": "left",
                        "icon": "left",
                        "leftLocation": {
                            "height": 113,
                            "width": 65,
                            "x": 13,
                            "y": 0
                        },
                        "rightLocation": {
                            "height": 113,
                            "width": 65,
                            "x": 312,
                            "y": 0
                        },
                        "toggle": "right"
                    },
                    "item": {
                        "height": 115,
                        "labelFont": "medium",
                        "subLabelFont": "small",
                        "width": 390,
                        "xOffset": 13
                    },
                    "region": {
                        "height": 115,
                        "width": 390,
                        "x": 0,
                        "y": 0
                    },
                    "stringWidths": {
                        "basic": 364,
                        "check": 298,
                        "icon": 286,
                        "toggle": 280
                    },
                    "toggles": [
                        {
                            "alignment": "left",
                            "disabledIconFile": "menu2_toggle_off_vva3.png",
                            "enabledIconFile": "menu2_toggle_on_vva3.png",
                            "x": 26,
                            "y": 25
                        },
                        {
                            "alignment": "right",
                            "disabledIconFile": "menu2_toggle_off_vva3.png",
                            "enabledIconFile": "menu2_toggle_on_vva3.png",
                            "x": 348,
                            "y": 25
                        }
                    ]
                },
                "mode": "scroll",
                "title": {
                    "height": 80,
                    "width": 390,
                    "x": 0,
                    "y": 0
                },
                "titleString": {
                    "font": "tiny",
                    "width": 226,
                    "x": 194,
                    "y": 63
                }
            },
            "orientation": "portrait",
            "picker": {
                "entries": [
                    {
                        "height": 26,
                        "width": 35,
                        "x": 10,
                        "y": 222
                    },
                    {
                        "height": 46,
                        "width": 299,
                        "x": 45,
                        "y": 212
                    },
                    {
                        "height": 26,
                        "width": 35,
                        "x": 344,
                        "y": 222
                    }
                ],
                "nextArrow": {
                    "height": 40,
                    "width": 40,
                    "x": 175,
                    "y": 116
                },
                "previousArrow": {
                    "height": 40,
                    "width": 40,
                    "x": 175,
                    "y": 315
                },
                "title": {
                    "height": 34,
                    "width": 277,
                    "x": 57,
                    "y": 57
                }
            }
        }
    ],
    "screenProtectionSupport": true,
    "sensorHistory": [
        {
            "interval": 120,
            "size": 180,
            "type": "heartrate"
        },
        {
            "interval": 120,
            "size": 180,
            "type": "elevation"
        },
        {
            "interval": 120,
            "size": 180,
            "type": "temperature"
        },
        {
            "interval": 120,
            "size": 180,
            "type": "pressure"
        },
        {
            "interval": 3600,
            "size": 168,
            "type": "pulseox"
        }
    ],
    "watchdogCount": 120000,
    "wifiExclusions": [
        "normal"
    ]
}