{
    "appTypes": [
        {
            "memoryLimit": 2359296,
            "type": "watchApp"
        },
        {
            "memoryLimit": 1048576,
            "type": "widget"
        },
        {
            "memoryLimit": 131072,
            "type": "datafield"
        },
        {
            "memoryLimit": 32768,
            "type": "background"
        }
    ],
    "bitsPerPixel": 16,
    "deviceFamily": "rectangle-240x400",
    "deviceGroup": "Outdoor Handhelds",
    "deviceId": "gpsmap66",
    "displayName": "GPSMAP® 66s / 66sr / 66st",
    "displayType": "lcd",
    "hardwarePartNumber": "010-01918-00",
    "imageUrl": "https://static.garmincdn.com/en/products/010-01918-00/g/cf-sm-239388ff-962c-49e5-bd4d-9d0936be669d.jpg",
    "launcherIcon": {
        "height": 33,
        "width": 38
    },
    "orientation": 0,
    "partNumbers": [
        {
            "connectIQVersion": "3.0.8",
            "firmwareVersion": 250,
            "languages": [
                {
                    "code": "ara",
                    "fontSet": "ww"
                },
                {
                    "code": "bul",
                    "fontSet": "ww"
                },
                {
                    "code": "hrv",
                    "fontSet": "ww"
                },
                {
                    "code": "dan",
                    "fontSet": "ww"
                },
                {
                    "code": "dut",
                    "fontSet": "ww"
                },
                {
                    "code": "eng",
                    "fontSet": "ww"
                },
                {
                    "code": "fin",
                    "fontSet": "ww"
                },
                {
                    "code": "fre",
                    "fontSet": "ww"
                },
                {
                    "code": "deu",
                    "fontSet": "ww"
                },
                {
                    "code": "gre",
                    "fontSet": "ww"
                },
                {
                    "code": "heb",
                    "fontSet": "ww"
                },
                {
                    "code": "hun",
                    "fontSet": "ww"
                },
                {
                    "code": "ita",
                    "fontSet": "ww"
                },
                {
                    "code": "nob",
                    "fontSet": "ww"
                },
                {
                    "code": "pol",
                    "fontSet": "ww"
                },
                {
                    "code": "por",
                    "fontSet": "ww"
                },
                {
                    "code": "rus",
                    "fontSet": "ww"
                },
                {
                    "code": "slo",
                    "fontSet": "ww"
                },
                {
                    "code": "slv",
                    "fontSet": "ww"
                },
                {
                    "code": "spa",
                    "fontSet": "ww"
                },
                {
                    "code": "swe",
                    "fontSet": "ww"
                },
                {
                    "code": "tur",
                    "fontSet": "ww"
                }
            ],
            "number": "006-B3028-00"
        },
        {
            "connectIQVersion": "3.0.8",
            "languages": [
                {
                    "code": "ara",
                    "fontSet": "ww"
                },
                {
                    "code": "bul",
                    "fontSet": "ww"
                },
                {
                    "code": "hrv",
                    "fontSet": "ww"
                },
                {
                    "code": "dan",
                    "fontSet": "ww"
                },
                {
                    "code": "dut",
                    "fontSet": "ww"
                },
                {
                    "code": "eng",
                    "fontSet": "ww"
                },
                {
                    "code": "fin",
                    "fontSet": "ww"
                },
                {
                    "code": "fre",
                    "fontSet": "ww"
                },
                {
                    "code": "deu",
                    "fontSet": "ww"
                },
                {
                    "code": "gre",
                    "fontSet": "ww"
                },
                {
                    "code": "heb",
                    "fontSet": "ww"
                },
                {
                    "code": "hun",
                    "fontSet": "ww"
                },
                {
                    "code": "ita",
                    "fontSet": "ww"
                },
                {
                    "code": "nob",
                    "fontSet": "ww"
                },
                {
                    "code": "pol",
                    "fontSet": "ww"
                },
                {
                    "code": "por",
                    "fontSet": "ww"
                },
                {
                    "code": "rus",
                    "fontSet": "ww"
                },
                {
                    "code": "slo",
                    "fontSet": "ww"
                },
                {
                    "code": "slv",
                    "fontSet": "ww"
                },
                {
                    "code": "spa",
                    "fontSet": "ww"
                },
                {
                    "code": "swe",
                    "fontSet": "ww"
                },
                {
                    "code": "tur",
                    "fontSet": "ww"
                }
            ],
            "number": "006-B3284-00"
        },
        {
            "connectIQVersion": "3.0.8",
            "languages": [
                {
                    "code": "ara",
                    "fontSet": "ww"
                },
                {
                    "code": "bul",
                    "fontSet": "ww"
                },
                {
                    "code": "hrv",
                    "fontSet": "ww"
                },
                {
                    "code": "dan",
                    "fontSet": "ww"
                },
                {
                    "code": "dut",
                    "fontSet": "ww"
                },
                {
                    "code": "eng",
                    "fontSet": "ww"
                },
                {
                    "code": "fin",
                    "fontSet": "ww"
                },
                {
                    "code": "fre",
                    "fontSet": "ww"
                },
                {
                    "code": "deu",
                    "fontSet": "ww"
                },
                {
                    "code": "gre",
                    "fontSet": "ww"
                },
                {
                    "code": "heb",
                    "fontSet": "ww"
                },
                {
                    "code": "hun",
                    "fontSet": "ww"
                },
                {
                    "code": "ita",
                    "fontSet": "ww"
                },
                {
                    "code": "nob",
                    "fontSet": "ww"
                },
                {
                    "code": "pol",
                    "fontSet": "ww"
                },
                {
                    "code": "por",
                    "fontSet": "ww"
                },
                {
                    "code": "rus",
                    "fontSet": "ww"
                },
                {
                    "code": "slo",
                    "fontSet": "ww"
                },
                {
                    "code": "slv",
                    "fontSet": "ww"
                },
                {
                    "code": "spa",
                    "fontSet": "ww"
                },
                {
                    "code": "swe",
                    "fontSet": "ww"
                },
                {
                    "code": "tur",
                    "fontSet": "ww"
                }
            ],
            "number": "006-B3694-00"
        },
        {
            "connectIQVersion": "3.0.8",
            "firmwareVersion": 360,
            "languages": [
                {
                    "code": "eng",
                    "fontSet": "ww"
                },
                {
                    "code": "ind",
                    "fontSet": "ww"
                },
                {
                    "code": "zsm",
                    "fontSet": "ww"
                },
                {
                    "code": "zhs",
                    "fontSet": "apac_chn"
                },
                {
                    "code": "tha",
                    "fontSet": "apac_tha"
                },
                {
                    "code": "vie",
                    "fontSet": "apac_vie"
                }
            ],
            "number": "006-B3657-00"
        },
        {
            "connectIQVersion": "3.0.8",
            "firmwareVersion": 430,
            "languages": [
                {
                    "code": "eng",
                    "fontSet": "ww"
                },
                {
                    "code": "zhs",
                    "fontSet": "apac_chn"
                },
                {
                    "code": "zht",
                    "fontSet": "apac_chn"
                },
                {
                    "code": "jpn",
                    "fontSet": "apac_jpn"
                }
            ],
            "number": "006-B3658-00"
        }
    ],
    "resolution": {
        "height": 400,
        "width": 240
    },
    "screenRotationSupport": false,
    "worldWidePartNumber": "006-B3028-00"
}