{
    "alphaBlendingSupport": false,
    "appTypes": [
        {
            "memoryLimit": 524288,
            "type": "audioContentProvider"
        },
        {
            "memoryLimit": 65536,
            "type": "background"
        },
        {
            "memoryLimit": 262144,
            "type": "datafield"
        },
        {
            "memoryLimit": 65536,
            "type": "glance"
        },
        {
            "memoryLimit": 786432,
            "type": "watchApp"
        },
        {
            "memoryLimit": 131072,
            "type": "watchFace"
        }
    ],
    "bitsPerPixel": 8,
    "complicationIcon": {
        "height": 30,
        "width": 30
    },
    "deviceFamily": "round-260x260",
    "deviceGroup": "Watches/Wearables",
    "deviceId": "fr955",
    "deviceVersion": "fcbb2d71ec35a1d3f34d13093a6835d1c69522b8",
    "displayName": "Forerunner® 955 / Solar",
    "displayType": "mip",
    "enhancedGraphicSupport": true,
    "faceIt": {
        "analogHandles": [
            "style1",
            "style2",
            "style3",
            "style4",
            "style5"
        ],
        "digitalFonts": [
            "sourceSansPro",
            "leagueGothic",
            "notoSansCJKTC",
            "qumpellkaNO12"
        ],
        "fontColors": [
            "00000000",
            "FFAA00",
            "FF5500",
            "FF0000",
            "AA0000",
            "00FF00",
            "00AA00",
            "00AAFF",
            "5500AA",
            "FF00FF"
        ],
        "templates": [
            "roundAnalogTemplate1",
            "roundDigitalTemplate1",
            "roundAnalogTemplate2",
            "roundDigitalTemplate2",
            "roundAnalogTemplate3",
            "roundDigitalTemplate3",
            "roundAnalogTemplate4",
            "roundDigitalTemplate4"
        ]
    },
    "hardwarePartNumber": "010-02638-00",
    "imageFormats": [
        "yuv",
        "jpg",
        "png"
    ],
    "imageUrl": "https://static.garmincdn.com/en/products/010-02638-00/v/cf-sm-3eae0cec-a5ab-453a-9cd8-37250ce4f768.jpg",
    "launcherIcon": {
        "height": 40,
        "width": 40
    },
    "orientation": 0,
    "partNumbers": [
        {
            "connectIQVersion": "5.0.0",
            "firmwareVersion": 1823,
            "languages": [
                {
                    "code": "ara",
                    "fontSet": "ww"
                },
                {
                    "code": "bul",
                    "fontSet": "ww"
                },
                {
                    "code": "ces",
                    "fontSet": "ww"
                },
                {
                    "code": "dan",
                    "fontSet": "ww"
                },
                {
                    "code": "deu",
                    "fontSet": "ww"
                },
                {
                    "code": "dut",
                    "fontSet": "ww"
                },
                {
                    "code": "eng",
                    "fontSet": "ww"
                },
                {
                    "code": "est",
                    "fontSet": "ww"
                },
                {
                    "code": "fin",
                    "fontSet": "ww"
                },
                {
                    "code": "fre",
                    "fontSet": "ww"
                },
                {
                    "code": "gre",
                    "fontSet": "ww"
                },
                {
                    "code": "heb",
                    "fontSet": "ww"
                },
                {
                    "code": "hrv",
                    "fontSet": "ww"
                },
                {
                    "code": "hun",
                    "fontSet": "ww"
                },
                {
                    "code": "ita",
                    "fontSet": "ww"
                },
                {
                    "code": "lav",
                    "fontSet": "ww"
                },
                {
                    "code": "lit",
                    "fontSet": "ww"
                },
                {
                    "code": "nob",
                    "fontSet": "ww"
                },
                {
                    "code": "pol",
                    "fontSet": "ww"
                },
                {
                    "code": "por",
                    "fontSet": "ww"
                },
                {
                    "code": "ron",
                    "fontSet": "ww"
                },
                {
                    "code": "rus",
                    "fontSet": "ww"
                },
                {
                    "code": "slo",
                    "fontSet": "ww"
                },
                {
                    "code": "slv",
                    "fontSet": "ww"
                },
                {
                    "code": "spa",
                    "fontSet": "ww"
                },
                {
                    "code": "swe",
                    "fontSet": "ww"
                },
                {
                    "code": "tur",
                    "fontSet": "ww"
                },
                {
                    "code": "ukr",
                    "fontSet": "ww"
                },
                {
                    "code": "ind",
                    "fontSet": "ww"
                },
                {
                    "code": "zsm",
                    "fontSet": "ww"
                },
                {
                    "code": "zhs",
                    "fontSet": "apac_chn"
                },
                {
                    "code": "zht",
                    "fontSet": "apac_chn"
                },
                {
                    "code": "jpn",
                    "fontSet": "apac_jpn"
                },
                {
                    "code": "kor",
                    "fontSet": "apac_kor"
                },
                {
                    "code": "tha",
                    "fontSet": "apac_tha"
                },
                {
                    "code": "vie",
                    "fontSet": "apac_vie"
                }
            ],
            "number": "006-B4024-00"
        }
    ],
    "pixelFormat": "ARGB2222",
    "resolution": {
        "height": 260,
        "width": 260
    },
    "screenRotationSupport": false,
    "worldWidePartNumber": "006-B4024-00"
}