{
    "appStorageCapacity": 10485760,
    "constellationConfiguration": [
        {
            "configuration": [
                "GPS L1",
                "GPS L5",
                "GALILEO L1",
                "GALILEO L5",
                "GLONASS",
                "BEIDOU L1",
                "BEIDOU L5",
                "SATIQ"
            ],
            "name": "All SKUs"
        }
    ],
    "display": {
        "behaviors": [
            {
                "gesture": "swipeRight",
                "id": "onBack"
            },
            {
                "gesture": "swipeLeft"
            },
            {
                "gesture": "swipeUp",
                "id": "nextPage"
            },
            {
                "gesture": "swipeDown",
                "id": "previousPage"
            },
            {
                "gesture": "hold"
            },
            {
                "gesture": "release"
            },
            {
                "gesture": "tap",
                "id": "onSelect"
            }
        ],
        "isTouch": true,
        "landscapeOrientation": 0,
        "location": {
            "height": 260,
            "width": 260,
            "x": 70,
            "y": 152
        },
        "shape": "round"
    },
    "fonts": [
        {
            "fontSet": "ww",
            "fonts": [
                {
                    "ascent": 17,
                    "descent": 4,
                    "digitHeight": 13,
                    "filename": "RobotoCondensed-Bold",
                    "height": 21,
                    "intLeading": 3,
                    "name": "xtiny",
                    "size": 6.4067,
                    "type": "ttf"
                },
                {
                    "ascent": 23,
                    "descent": 6,
                    "digitHeight": 18,
                    "filename": "RobotoCondensed-Bold",
                    "height": 29,
                    "intLeading": 5,
                    "name": "tiny",
                    "size": 8.8708,
                    "type": "ttf"
                },
                {
                    "ascent": 26,
                    "descent": 6,
                    "digitHeight": 20,
                    "filename": "RobotoCondensed-Bold",
                    "height": 32,
                    "intLeading": 6,
                    "name": "small",
                    "size": 9.8565,
                    "type": "ttf"
                },
                {
                    "ascent": 31,
                    "descent": 7,
                    "digitHeight": 24,
                    "filename": "RobotoCondensed-Bold",
                    "height": 38,
                    "intLeading": 6,
                    "name": "medium",
                    "size": 11.8278,
                    "type": "ttf"
                },
                {
                    "ascent": 32,
                    "descent": 8,
                    "digitHeight": 25,
                    "filename": "RobotoCondensed-Bold",
                    "height": 40,
                    "intLeading": 7,
                    "name": "large",
                    "size": 12.3206,
                    "type": "ttf"
                },
                {
                    "ascent": 38,
                    "descent": 10,
                    "digitHeight": 30,
                    "filename": "RobotoCondensed-Bold",
                    "height": 48,
                    "intLeading": 8,
                    "name": "numberMild",
                    "size": 14.7847,
                    "type": "ttf"
                },
                {
                    "ascent": 46,
                    "descent": 12,
                    "digitHeight": 36,
                    "filename": "RobotoCondensed-Bold",
                    "height": 58,
                    "intLeading": 10,
                    "name": "numberMedium",
                    "size": 17.7416,
                    "type": "ttf"
                },
                {
                    "ascent": 62,
                    "descent": 17,
                    "digitHeight": 49,
                    "filename": "Roboto-Black",
                    "height": 79,
                    "intLeading": 13,
                    "name": "numberHot",
                    "size": 24.1483,
                    "type": "ttf"
                },
                {
                    "ascent": 73,
                    "descent": 18,
                    "digitHeight": 57,
                    "filename": "Roboto-Black",
                    "height": 91,
                    "intLeading": 15,
                    "name": "numberThaiHot",
                    "size": 28.0909,
                    "type": "ttf"
                },
                {
                    "ascent": 19,
                    "descent": 5,
                    "digitHeight": 15,
                    "filename": "RobotoCondensed-Regular",
                    "height": 24,
                    "intLeading": 4,
                    "name": "glanceFont",
                    "size": 7.3923,
                    "type": "ttf"
                },
                {
                    "ascent": 26,
                    "descent": 6,
                    "digitHeight": 20,
                    "filename": "RobotoCondensed-Bold",
                    "height": 32,
                    "intLeading": 6,
                    "name": "glanceNumberFont",
                    "size": 9.8565,
                    "type": "ttf"
                },
                {
                    "filename": "FNT_006B402400_ROBOTO_BC_NUMBER_FONT_25",
                    "name": "simExtNumber1"
                },
                {
                    "filename": "FNT_006B402400_ROBOTO_BC_NUMBER_FONT_42",
                    "name": "simExtNumber2"
                },
                {
                    "filename": "FNT_006B402400_ROBOTO_BLACK_NUMBER_FONT_63",
                    "name": "simExtNumber3"
                },
                {
                    "filename": "FNT_006B402400_CDPG_ROBOTO_15B",
                    "name": "simExtNumber4"
                },
                {
                    "filename": "FNT_006B402400_CDPG_ROBOTO_18",
                    "name": "simExtNumber5"
                },
                {
                    "filename": "RobotoCondensed-RegularItalic",
                    "name": "RobotoCondensedRegularItalic",
                    "type": "system_ttf"
                },
                {
                    "filename": "Roboto-Black",
                    "name": "RobotoBlack",
                    "type": "system_ttf"
                },
                {
                    "filename": "RobotoCondensed-Bold",
                    "name": "RobotoCondensedBold",
                    "type": "system_ttf"
                },
                {
                    "filename": "RobotoCondensed-Regular",
                    "name": "RobotoCondensedRegular",
                    "type": "system_ttf"
                },
                {
                    "filename": "NotoNaskhArabic-Regular",
                    "name": "NotoNaskhArabicRegular",
                    "type": "system_ttf"
                },
                {
                    "filename": "NotoNaskhArabic-Bold",
                    "name": "NotoNaskhArabicBold",
                    "type": "system_ttf"
                },
                {
                    "filename": "NotoSansHebrew-Regular",
                    "name": "NotoSansHebrewRegular",
                    "type": "system_ttf"
                },
                {
                    "filename": "NotoSansHebrew-Bold",
                    "name": "NotoSansHebrewBold",
                    "type": "system_ttf"
                },
                {
                    "filename": "NotoSansArmenian-Regular",
                    "name": "NotoSansArmenianRegular",
                    "type": "system_ttf"
                },
                {
                    "filename": "NotoSansArmenian-Bold",
                    "name": "NotoSansArmenianBold",
                    "type": "system_ttf"
                },
                {
                    "filename": "Bionic_Bold",
                    "name": "BionicBold",
                    "type": "system_ttf"
                },
                {
                    "filename": "NotoSansSC-Medium-2",
                    "name": "NotoSansSCMedium",
                    "type": "system_ttf"
                },
                {
                    "filename": "Kosugi-Regular-2",
                    "name": "KosugiRegular",
                    "type": "system_ttf"
                },
                {
                    "filename": "NanumGothic-ExtraBold",
                    "name": "NanumGothicExtraBold",
                    "type": "system_ttf"
                },
                {
                    "filename": "Pridi-SemiBold_Garmin",
                    "name": "PridiSemiBoldGarmin",
                    "type": "system_ttf"
                }
            ]
        },
        {
            "fontSet": "apac_chn",
            "fonts": [
                {
                    "filename": "FNT_NOTO_SANS_SC_BOLD_94_CHN_16",
                    "name": "xtiny"
                },
                {
                    "filename": "FNT_NOTO_SANS_SC_BOLD_94_CHN_23",
                    "name": "tiny"
                },
                {
                    "filename": "FNT_NOTO_SANS_SC_BOLD_94_CHN_26",
                    "name": "small"
                },
                {
                    "filename": "FNT_NOTO_SANS_SC_BOLD_94_CHN_31",
                    "name": "medium"
                },
                {
                    "filename": "FNT_NOTO_SANS_SC_BOLD_94_CHN_34",
                    "name": "large"
                },
                {
                    "filename": "FNT_006B402400_ROBOTO_BC_NUMBER_FONT_30",
                    "name": "numberMild"
                },
                {
                    "filename": "FNT_006B402400_ROBOTO_BC_NUMBER_FONT_36",
                    "name": "numberMedium"
                },
                {
                    "filename": "FNT_006B402400_ROBOTO_BLACK_NUMBER_FONT_49",
                    "name": "numberHot"
                },
                {
                    "filename": "FNT_006B402400_ROBOTO_BLACK_NUMBER_FONT_57",
                    "name": "numberThaiHot"
                },
                {
                    "filename": "FNT_NOTO_SANS_SC_BOLD_94_CHN_26",
                    "name": "glanceFont"
                },
                {
                    "filename": "FNT_006B402400_CDPG_ROBOTO_20B",
                    "name": "glanceNumberFont"
                },
                {
                    "filename": "FNT_006B402400_ROBOTO_BC_NUMBER_FONT_25",
                    "name": "simExtNumber1"
                },
                {
                    "filename": "FNT_006B402400_ROBOTO_BC_NUMBER_FONT_42",
                    "name": "simExtNumber2"
                },
                {
                    "filename": "FNT_006B402400_ROBOTO_BLACK_NUMBER_FONT_63",
                    "name": "simExtNumber3"
                },
                {
                    "filename": "FNT_NOTO_SANS_SC_BOLD_94_CHN_26",
                    "name": "simExtNumber4"
                },
                {
                    "filename": "FNT_NOTO_SANS_SC_BOLD_94_CHN_23",
                    "name": "simExtNumber5"
                },
                {
                    "filename": "RobotoCondensed-RegularItalic",
                    "name": "RobotoCondensedRegularItalic",
                    "type": "system_ttf"
                },
                {
                    "filename": "Roboto-Black",
                    "name": "RobotoBlack",
                    "type": "system_ttf"
                },
                {
                    "filename": "RobotoCondensed-Bold",
                    "name": "RobotoCondensedBold",
                    "type": "system_ttf"
                },
                {
                    "filename": "RobotoCondensed-Regular",
                    "name": "RobotoCondensedRegular",
                    "type": "system_ttf"
                },
                {
                    "filename": "NotoNaskhArabic-Regular",
                    "name": "NotoNaskhArabicRegular",
                    "type": "system_ttf"
                },
                {
                    "filename": "NotoNaskhArabic-Bold",
                    "name": "NotoNaskhArabicBold",
                    "type": "system_ttf"
                },
                {
                    "filename": "NotoSansHebrew-Regular",
                    "name": "NotoSansHebrewRegular",
                    "type": "system_ttf"
                },
                {
                    "filename": "NotoSansHebrew-Bold",
                    "name": "NotoSansHebrewBold",
                    "type": "system_ttf"
                },
                {
                    "filename": "NotoSansArmenian-Regular",
                    "name": "NotoSansArmenianRegular",
                    "type": "system_ttf"
                },
                {
                    "filename": "NotoSansArmenian-Bold",
                    "name": "NotoSansArmenianBold",
                    "type": "system_ttf"
                },
                {
                    "filename": "Bionic_Bold",
                    "name": "BionicBold",
                    "type": "system_ttf"
                },
                {
                    "filename": "NotoSansSC-Medium-2",
                    "name": "NotoSansSCMedium",
                    "type": "system_ttf"
                },
                {
                    "filename": "Kosugi-Regular-2",
                    "name": "KosugiRegular",
                    "type": "system_ttf"
                },
                {
                    "filename": "NanumGothic-ExtraBold",
                    "name": "NanumGothicExtraBold",
                    "type": "system_ttf"
                },
                {
                    "filename": "Pridi-SemiBold_Garmin",
                    "name": "PridiSemiBoldGarmin",
                    "type": "system_ttf"
                }
            ]
        },
        {
            "fontSet": "apac_jpn",
            "fonts": [
                {
                    "filename": "FNT_KOSUGI_REGULAR-94_JPN_16B",
                    "name": "xtiny"
                },
                {
                    "filename": "FNT_KOSUGI_REGULAR-94_JPN_23B",
                    "name": "tiny"
                },
                {
                    "filename": "FNT_KOSUGI_REGULAR-94_JPN_26B",
                    "name": "small"
                },
                {
                    "filename": "FNT_KOSUGI_REGULAR-94_JPN_31B",
                    "name": "medium"
                },
                {
                    "filename": "FNT_KOSUGI_REGULAR-94_JPN_34B",
                    "name": "large"
                },
                {
                    "filename": "FNT_006B402400_ROBOTO_BC_NUMBER_FONT_30",
                    "name": "numberMild"
                },
                {
                    "filename": "FNT_006B402400_ROBOTO_BC_NUMBER_FONT_36",
                    "name": "numberMedium"
                },
                {
                    "filename": "FNT_006B402400_ROBOTO_BLACK_NUMBER_FONT_49",
                    "name": "numberHot"
                },
                {
                    "filename": "FNT_006B402400_ROBOTO_BLACK_NUMBER_FONT_57",
                    "name": "numberThaiHot"
                },
                {
                    "filename": "FNT_KOSUGI_REGULAR-94_JPN_26B",
                    "name": "glanceFont"
                },
                {
                    "filename": "FNT_006B402400_CDPG_ROBOTO_20B",
                    "name": "glanceNumberFont"
                },
                {
                    "filename": "FNT_006B402400_ROBOTO_BC_NUMBER_FONT_25",
                    "name": "simExtNumber1"
                },
                {
                    "filename": "FNT_006B402400_ROBOTO_BC_NUMBER_FONT_42",
                    "name": "simExtNumber2"
                },
                {
                    "filename": "FNT_006B402400_ROBOTO_BLACK_NUMBER_FONT_63",
                    "name": "simExtNumber3"
                },
                {
                    "filename": "FNT_KOSUGI_REGULAR-94_JPN_26B",
                    "name": "simExtNumber4"
                },
                {
                    "filename": "FNT_KOSUGI_REGULAR-94_JPN_23B",
                    "name": "simExtNumber5"
                },
                {
                    "filename": "RobotoCondensed-RegularItalic",
                    "name": "RobotoCondensedRegularItalic",
                    "type": "system_ttf"
                },
                {
                    "filename": "Roboto-Black",
                    "name": "RobotoBlack",
                    "type": "system_ttf"
                },
                {
                    "filename": "RobotoCondensed-Bold",
                    "name": "RobotoCondensedBold",
                    "type": "system_ttf"
                },
                {
                    "filename": "RobotoCondensed-Regular",
                    "name": "RobotoCondensedRegular",
                    "type": "system_ttf"
                },
                {
                    "filename": "NotoNaskhArabic-Regular",
                    "name": "NotoNaskhArabicRegular",
                    "type": "system_ttf"
                },
                {
                    "filename": "NotoNaskhArabic-Bold",
                    "name": "NotoNaskhArabicBold",
                    "type": "system_ttf"
                },
                {
                    "filename": "NotoSansHebrew-Regular",
                    "name": "NotoSansHebrewRegular",
                    "type": "system_ttf"
                },
                {
                    "filename": "NotoSansHebrew-Bold",
                    "name": "NotoSansHebrewBold",
                    "type": "system_ttf"
                },
                {
                    "filename": "NotoSansArmenian-Regular",
                    "name": "NotoSansArmenianRegular",
                    "type": "system_ttf"
                },
                {
                    "filename": "NotoSansArmenian-Bold",
                    "name": "NotoSansArmenianBold",
                    "type": "system_ttf"
                },
                {
                    "filename": "Bionic_Bold",
                    "name": "BionicBold",
                    "type": "system_ttf"
                },
                {
                    "filename": "NotoSansSC-Medium-2",
                    "name": "NotoSansSCMedium",
                    "type": "system_ttf"
                },
                {
                    "filename": "Kosugi-Regular-2",
                    "name": "KosugiRegular",
                    "type": "system_ttf"
                },
                {
                    "filename": "NanumGothic-ExtraBold",
                    "name": "NanumGothicExtraBold",
                    "type": "system_ttf"
                },
                {
                    "filename": "Pridi-SemiBold_Garmin",
                    "name": "PridiSemiBoldGarmin",
                    "type": "system_ttf"
                }
            ]
        },
        {
            "fontSet": "apac_kor",
            "fonts": [
                {
                    "filename": "FNT_NANUM_GOTHIC_BOLD_KOR_16B",
                    "name": "xtiny"
                },
                {
                    "filename": "FNT_NANUM_GOTHIC_BOLD_KOR_23B",
                    "name": "tiny"
                },
                {
                    "filename": "FNT_NANUM_GOTHIC_BOLD_KOR_26B",
                    "name": "small"
                },
                {
                    "filename": "FNT_NANUM_GOTHIC_BOLD_KOR_31B",
                    "name": "medium"
                },
                {
                    "filename": "FNT_NANUM_GOTHIC_BOLD_KOR_34B",
                    "name": "large"
                },
                {
                    "filename": "FNT_006B402400_ROBOTO_BC_NUMBER_FONT_30",
                    "name": "numberMild"
                },
                {
                    "filename": "FNT_006B402400_ROBOTO_BC_NUMBER_FONT_36",
                    "name": "numberMedium"
                },
                {
                    "filename": "FNT_006B402400_ROBOTO_BLACK_NUMBER_FONT_49",
                    "name": "numberHot"
                },
                {
                    "filename": "FNT_006B402400_ROBOTO_BLACK_NUMBER_FONT_57",
                    "name": "numberThaiHot"
                },
                {
                    "filename": "FNT_NANUM_GOTHIC_BOLD_KOR_26B",
                    "name": "glanceFont"
                },
                {
                    "filename": "FNT_006B402400_CDPG_ROBOTO_20B",
                    "name": "glanceNumberFont"
                },
                {
                    "filename": "FNT_006B402400_ROBOTO_BC_NUMBER_FONT_25",
                    "name": "simExtNumber1"
                },
                {
                    "filename": "FNT_006B402400_ROBOTO_BC_NUMBER_FONT_42",
                    "name": "simExtNumber2"
                },
                {
                    "filename": "FNT_006B402400_ROBOTO_BLACK_NUMBER_FONT_63",
                    "name": "simExtNumber3"
                },
                {
                    "filename": "FNT_NANUM_GOTHIC_BOLD_KOR_26B",
                    "name": "simExtNumber4"
                },
                {
                    "filename": "FNT_NANUM_GOTHIC_BOLD_KOR_23B",
                    "name": "simExtNumber5"
                },
                {
                    "filename": "RobotoCondensed-RegularItalic",
                    "name": "RobotoCondensedRegularItalic",
                    "type": "system_ttf"
                },
                {
                    "filename": "Roboto-Black",
                    "name": "RobotoBlack",
                    "type": "system_ttf"
                },
                {
                    "filename": "RobotoCondensed-Bold",
                    "name": "RobotoCondensedBold",
                    "type": "system_ttf"
                },
                {
                    "filename": "RobotoCondensed-Regular",
                    "name": "RobotoCondensedRegular",
                    "type": "system_ttf"
                },
                {
                    "filename": "NotoNaskhArabic-Regular",
                    "name": "NotoNaskhArabicRegular",
                    "type": "system_ttf"
                },
                {
                    "filename": "NotoNaskhArabic-Bold",
                    "name": "NotoNaskhArabicBold",
                    "type": "system_ttf"
                },
                {
                    "filename": "NotoSansHebrew-Regular",
                    "name": "NotoSansHebrewRegular",
                    "type": "system_ttf"
                },
                {
                    "filename": "NotoSansHebrew-Bold",
                    "name": "NotoSansHebrewBold",
                    "type": "system_ttf"
                },
                {
                    "filename": "NotoSansArmenian-Regular",
                    "name": "NotoSansArmenianRegular",
                    "type": "system_ttf"
                },
                {
                    "filename": "NotoSansArmenian-Bold",
                    "name": "NotoSansArmenianBold",
                    "type": "system_ttf"
                },
                {
                    "filename": "Bionic_Bold",
                    "name": "BionicBold",
                    "type": "system_ttf"
                },
                {
                    "filename": "NotoSansSC-Medium-2",
                    "name": "NotoSansSCMedium",
                    "type": "system_ttf"
                },
                {
                    "filename": "Kosugi-Regular-2",
                    "name": "KosugiRegular",
                    "type": "system_ttf"
                },
                {
                    "filename": "NanumGothic-ExtraBold",
                    "name": "NanumGothicExtraBold",
                    "type": "system_ttf"
                },
                {
                    "filename": "Pridi-SemiBold_Garmin",
                    "name": "PridiSemiBoldGarmin",
                    "type": "system_ttf"
                }
            ]
        },
        {
            "fontSet": "apac_tha",
            "fonts": [
                {
                    "filename": "bitstreamVeraSans 16",
                    "name": "xtiny"
                },
                {
                    "filename": "bitstreamVeraSans 16",
                    "name": "tiny"
                },
                {
                    "filename": "bitstreamVeraSans 16",
                    "name": "small"
                },
                {
                    "filename": "bitstreamVeraSans 21",
                    "name": "medium"
                },
                {
                    "filename": "bitstreamVeraSans 27",
                    "name": "large"
                },
                {
                    "filename": "FNT_006B402400_ROBOTO_BC_NUMBER_FONT_30",
                    "name": "numberMild"
                },
                {
                    "filename": "FNT_006B402400_ROBOTO_BC_NUMBER_FONT_36",
                    "name": "numberMedium"
                },
                {
                    "filename": "FNT_006B402400_ROBOTO_BLACK_NUMBER_FONT_49",
                    "name": "numberHot"
                },
                {
                    "filename": "FNT_006B402400_ROBOTO_BLACK_NUMBER_FONT_57",
                    "name": "numberThaiHot"
                },
                {
                    "filename": "bitstreamVeraSans 16",
                    "name": "glanceFont"
                },
                {
                    "filename": "FNT_006B402400_CDPG_ROBOTO_20B",
                    "name": "glanceNumberFont"
                },
                {
                    "filename": "FNT_006B402400_ROBOTO_BC_NUMBER_FONT_25",
                    "name": "simExtNumber1"
                },
                {
                    "filename": "FNT_006B402400_ROBOTO_BC_NUMBER_FONT_42",
                    "name": "simExtNumber2"
                },
                {
                    "filename": "FNT_006B402400_ROBOTO_BLACK_NUMBER_FONT_63",
                    "name": "simExtNumber3"
                },
                {
                    "filename": "bitstreamVeraSans 16",
                    "name": "simExtNumber4"
                },
                {
                    "filename": "bitstreamVeraSans 16",
                    "name": "simExtNumber5"
                },
                {
                    "filename": "RobotoCondensed-RegularItalic",
                    "name": "RobotoCondensedRegularItalic",
                    "type": "system_ttf"
                },
                {
                    "filename": "Roboto-Black",
                    "name": "RobotoBlack",
                    "type": "system_ttf"
                },
                {
                    "filename": "RobotoCondensed-Bold",
                    "name": "RobotoCondensedBold",
                    "type": "system_ttf"
                },
                {
                    "filename": "RobotoCondensed-Regular",
                    "name": "RobotoCondensedRegular",
                    "type": "system_ttf"
                },
                {
                    "filename": "NotoNaskhArabic-Regular",
                    "name": "NotoNaskhArabicRegular",
                    "type": "system_ttf"
                },
                {
                    "filename": "NotoNaskhArabic-Bold",
                    "name": "NotoNaskhArabicBold",
                    "type": "system_ttf"
                },
                {
                    "filename": "NotoSansHebrew-Regular",
                    "name": "NotoSansHebrewRegular",
                    "type": "system_ttf"
                },
                {
                    "filename": "NotoSansHebrew-Bold",
                    "name": "NotoSansHebrewBold",
                    "type": "system_ttf"
                },
                {
                    "filename": "NotoSansArmenian-Regular",
                    "name": "NotoSansArmenianRegular",
                    "type": "system_ttf"
                },
                {
                    "filename": "NotoSansArmenian-Bold",
                    "name": "NotoSansArmenianBold",
                    "type": "system_ttf"
                },
                {
                    "filename": "Bionic_Bold",
                    "name": "BionicBold",
                    "type": "system_ttf"
                },
                {
                    "filename": "NotoSansSC-Medium-2",
                    "name": "NotoSansSCMedium",
                    "type": "system_ttf"
                },
                {
                    "filename": "Kosugi-Regular-2",
                    "name": "KosugiRegular",
                    "type": "system_ttf"
                },
                {
                    "filename": "NanumGothic-ExtraBold",
                    "name": "NanumGothicExtraBold",
                    "type": "system_ttf"
                },
                {
                    "filename": "Pridi-SemiBold_Garmin",
                    "name": "PridiSemiBoldGarmin",
                    "type": "system_ttf"
                }
            ]
        },
        {
            "fontSet": "apac_vie",
            "fonts": [
                {
                    "filename": "FNT_ROBOTO_CONDENSED_BOLD_19B",
                    "name": "xtiny"
                },
                {
                    "filename": "FNT_ROBOTO_CONDENSED_BOLD_29B",
                    "name": "tiny"
                },
                {
                    "filename": "FNT_ROBOTO_CONDENSED_BOLD_32B",
                    "name": "small"
                },
                {
                    "filename": "FNT_ROBOTO_CONDENSED_BOLD_37B",
                    "name": "medium"
                },
                {
                    "filename": "FNT_ROBOTO_CONDENSED_BOLD_40B",
                    "name": "large"
                },
                {
                    "filename": "FNT_006B402400_ROBOTO_BC_NUMBER_FONT_30",
                    "name": "numberMild"
                },
                {
                    "filename": "FNT_006B402400_ROBOTO_BC_NUMBER_FONT_36",
                    "name": "numberMedium"
                },
                {
                    "filename": "FNT_006B402400_ROBOTO_BLACK_NUMBER_FONT_49",
                    "name": "numberHot"
                },
                {
                    "filename": "FNT_006B402400_ROBOTO_BLACK_NUMBER_FONT_57",
                    "name": "numberThaiHot"
                },
                {
                    "filename": "FNT_ROBOTO_CONDENSED_BOLD_32B",
                    "name": "glanceFont"
                },
                {
                    "filename": "FNT_006B402400_CDPG_ROBOTO_20B",
                    "name": "glanceNumberFont"
                },
                {
                    "filename": "FNT_006B402400_ROBOTO_BC_NUMBER_FONT_25",
                    "name": "simExtNumber1"
                },
                {
                    "filename": "FNT_006B402400_ROBOTO_BC_NUMBER_FONT_42",
                    "name": "simExtNumber2"
                },
                {
                    "filename": "FNT_006B402400_ROBOTO_BLACK_NUMBER_FONT_63",
                    "name": "simExtNumber3"
                },
                {
                    "filename": "FNT_ROBOTO_CONDENSED_BOLD_32B",
                    "name": "simExtNumber4"
                },
                {
                    "filename": "FNT_ROBOTO_CONDENSED_BOLD_29B",
                    "name": "simExtNumber5"
                },
                {
                    "filename": "RobotoCondensed-RegularItalic",
                    "name": "RobotoCondensedRegularItalic",
                    "type": "system_ttf"
                },
                {
                    "filename": "Roboto-Black",
                    "name": "RobotoBlack",
                    "type": "system_ttf"
                },
                {
                    "filename": "RobotoCondensed-Bold",
                    "name": "RobotoCondensedBold",
                    "type": "system_ttf"
                },
                {
                    "filename": "RobotoCondensed-Regular",
                    "name": "RobotoCondensedRegular",
                    "type": "system_ttf"
                },
                {
                    "filename": "NotoNaskhArabic-Regular",
                    "name": "NotoNaskhArabicRegular",
                    "type": "system_ttf"
                },
                {
                    "filename": "NotoNaskhArabic-Bold",
                    "name": "NotoNaskhArabicBold",
                    "type": "system_ttf"
                },
                {
                    "filename": "NotoSansHebrew-Regular",
                    "name": "NotoSansHebrewRegular",
                    "type": "system_ttf"
                },
                {
                    "filename": "NotoSansHebrew-Bold",
                    "name": "NotoSansHebrewBold",
                    "type": "system_ttf"
                },
                {
                    "filename": "NotoSansArmenian-Regular",
                    "name": "NotoSansArmenianRegular",
                    "type": "system_ttf"
                },
                {
                    "filename": "NotoSansArmenian-Bold",
                    "name": "NotoSansArmenianBold",
                    "type": "system_ttf"
                },
                {
                    "filename": "Bionic_Bold",
                    "name": "BionicBold",
                    "type": "system_ttf"
                },
                {
                    "filename": "NotoSansSC-Medium-2",
                    "name": "NotoSansSCMedium",
                    "type": "system_ttf"
                },
                {
                    "filename": "Kosugi-Regular-2",
                    "name": "KosugiRegular",
                    "type": "system_ttf"
                },
                {
                    "filename": "NanumGothic-ExtraBold",
                    "name": "NanumGothicExtraBold",
                    "type": "system_ttf"
                },
                {
                    "filename": "Pridi-SemiBold_Garmin",
                    "name": "PridiSemiBoldGarmin",
                    "type": "system_ttf"
                }
            ]
        }
    ],
    "glance": {
        "contentArea": {
            "height": 93,
            "width": 176,
            "x": 70,
            "y": 12
        },
        "iconArea": {
            "height": 40,
            "width": 40,
            "x": 25,
            "y": 41
        },
        "liveUpdates": true
    },
    "graphicsResourcePoolSize": 1048576,
    "image": "fr955.png",
    "keys": [
        {
            "behavior": "onSelect",
            "id": "enter",
            "location": {
                "height": 47,
                "width": 40,
                "x": 342,
                "y": 162
            }
        },
        {
            "behavior": "previousPage",
            "id": "up",
            "location": {
                "height": 47,
                "width": 28,
                "x": 2,
                "y": 258
            }
        },
        {
            "behavior": "onMenu",
            "id": "menu",
            "isHold": true,
            "location": {
                "height": 47,
                "width": 28,
                "x": 2,
                "y": 258
            }
        },
        {
            "behavior": "nextPage",
            "id": "down",
            "location": {
                "height": 47,
                "width": 39,
                "x": 19,
                "y": 348
            }
        },
        {
            "id": "clock",
            "isHold": true,
            "location": {
                "height": 47,
                "width": 39,
                "x": 19,
                "y": 348
            }
        },
        {
            "behavior": "onBack",
            "id": "esc",
            "location": {
                "height": 47,
                "width": 39,
                "x": 342,
                "y": 348
            }
        }
    ],
    "layouts": [
        {
            "actionMenu": {
                "area": {
                    "height": 260,
                    "width": 232,
                    "x": 232,
                    "y": 0
                },
                "borderWidth": 3,
                "colors": {
                    "border": "AAAAAA",
                    "selected": "FFFFFF",
                    "selectedText": "FFFFFF",
                    "text": "AAAAAA"
                },
                "entries": [
                    {
                        "alignment": "left",
                        "height": 54,
                        "scrolling": true,
                        "selection": true,
                        "shortenWithEllipsis": true,
                        "stringMaxWidth": 230,
                        "textPadding": 4,
                        "x": 15,
                        "y": 103
                    }
                ],
                "expands": true,
                "font": "small",
                "selectionDisplay": {
                    "height": 64,
                    "width": 3,
                    "x": 9,
                    "y": 98
                },
                "type": "partial",
                "wrapEntries": true
            },
            "datafields": {
                "datafields": [
                    {
                        "drawBorders": true,
                        "fields": [
                            {
                                "data": {
                                    "font": "simExtNumber3",
                                    "justification": "center",
                                    "width": 207,
                                    "x": 129,
                                    "y": 161
                                },
                                "label": {
                                    "font": "xtiny",
                                    "justification": "center",
                                    "x": 130,
                                    "y": 74
                                },
                                "labelDisabled": false,
                                "location": {
                                    "height": 260,
                                    "width": 260,
                                    "x": 0,
                                    "y": 0
                                },
                                "obscurity": [
                                    "left",
                                    "top",
                                    "right",
                                    "bottom"
                                ]
                            }
                        ],
                        "name": "1 Field"
                    },
                    {
                        "drawBorders": true,
                        "fields": [
                            {
                                "data": {
                                    "font": "numberThaiHot",
                                    "justification": "center",
                                    "width": 166,
                                    "x": 129,
                                    "y": 116
                                },
                                "label": {
                                    "font": "xtiny",
                                    "justification": "center",
                                    "x": 130,
                                    "y": 53
                                },
                                "labelDisabled": false,
                                "location": {
                                    "height": 129,
                                    "width": 260,
                                    "x": 0,
                                    "y": 0
                                },
                                "obscurity": [
                                    "left",
                                    "top",
                                    "right"
                                ]
                            },
                            {
                                "data": {
                                    "font": "numberThaiHot",
                                    "justification": "center",
                                    "width": 166,
                                    "x": 129,
                                    "y": 81
                                },
                                "label": {
                                    "font": "xtiny",
                                    "justification": "center",
                                    "x": 130,
                                    "y": 20
                                },
                                "labelDisabled": false,
                                "location": {
                                    "height": 129,
                                    "width": 260,
                                    "x": 0,
                                    "y": 131
                                },
                                "obscurity": [
                                    "left",
                                    "right",
                                    "bottom"
                                ]
                            }
                        ],
                        "name": "2 Fields"
                    },
                    {
                        "drawBorders": true,
                        "fields": [
                            {
                                "data": {
                                    "font": "numberMedium",
                                    "justification": "center",
                                    "width": 143,
                                    "x": 130,
                                    "y": 78
                                },
                                "label": {
                                    "font": "xtiny",
                                    "justification": "center",
                                    "x": 130,
                                    "y": 35
                                },
                                "labelDisabled": false,
                                "location": {
                                    "height": 83,
                                    "width": 260,
                                    "x": 0,
                                    "y": 0
                                },
                                "obscurity": [
                                    "left",
                                    "top",
                                    "right"
                                ]
                            },
                            {
                                "data": {
                                    "font": "simExtNumber3",
                                    "justification": "center",
                                    "width": 178,
                                    "x": 129,
                                    "y": 86
                                },
                                "label": {
                                    "font": "xtiny",
                                    "justification": "center",
                                    "x": 130,
                                    "y": 16
                                },
                                "labelDisabled": false,
                                "location": {
                                    "height": 91,
                                    "width": 260,
                                    "x": 0,
                                    "y": 85
                                },
                                "obscurity": [
                                    "left",
                                    "right"
                                ]
                            },
                            {
                                "data": {
                                    "font": "numberMedium",
                                    "justification": "center",
                                    "width": 143,
                                    "x": 130,
                                    "y": 59
                                },
                                "label": {
                                    "font": "xtiny",
                                    "justification": "center",
                                    "x": 130,
                                    "y": 15
                                },
                                "labelDisabled": false,
                                "location": {
                                    "height": 82,
                                    "width": 260,
                                    "x": 0,
                                    "y": 178
                                },
                                "obscurity": [
                                    "left",
                                    "right",
                                    "bottom"
                                ]
                            }
                        ],
                        "name": "3 Fields A"
                    },
                    {
                        "drawBorders": false,
                        "fields": [
                            {
                                "data": {
                                    "font": "numberHot",
                                    "justification": "center",
                                    "width": 162,
                                    "x": 130,
                                    "y": 86
                                },
                                "labelDisabled": true,
                                "location": {
                                    "height": 92,
                                    "width": 260,
                                    "x": 0,
                                    "y": 0
                                },
                                "obscurity": [
                                    "left",
                                    "top",
                                    "right"
                                ]
                            },
                            {
                                "data": {
                                    "font": "simExtNumber3",
                                    "justification": "center",
                                    "width": 178,
                                    "x": 129,
                                    "y": 69
                                },
                                "labelDisabled": true,
                                "location": {
                                    "height": 74,
                                    "width": 260,
                                    "x": 0,
                                    "y": 93
                                },
                                "obscurity": [
                                    "left",
                                    "right"
                                ]
                            },
                            {
                                "data": {
                                    "font": "numberHot",
                                    "justification": "center",
                                    "width": 162,
                                    "x": 130,
                                    "y": 45
                                },
                                "labelDisabled": true,
                                "location": {
                                    "height": 93,
                                    "width": 260,
                                    "x": 0,
                                    "y": 166
                                },
                                "obscurity": [
                                    "left",
                                    "right",
                                    "bottom"
                                ]
                            }
                        ],
                        "name": "3 Fields B"
                    },
                    {
                        "drawBorders": true,
                        "fields": [
                            {
                                "data": {
                                    "font": "numberThaiHot",
                                    "justification": "center",
                                    "width": 166,
                                    "x": 130,
                                    "y": 117
                                },
                                "label": {
                                    "font": "xtiny",
                                    "justification": "center",
                                    "x": 130,
                                    "y": 54
                                },
                                "labelDisabled": false,
                                "location": {
                                    "height": 129,
                                    "width": 260,
                                    "x": 0,
                                    "y": 0
                                },
                                "obscurity": [
                                    "left",
                                    "top",
                                    "right"
                                ]
                            },
                            {
                                "data": {
                                    "font": "numberMild",
                                    "justification": "center",
                                    "width": 104,
                                    "x": 72,
                                    "y": 68
                                },
                                "label": {
                                    "font": "xtiny",
                                    "justification": "center",
                                    "x": 68,
                                    "y": 23
                                },
                                "labelDisabled": false,
                                "location": {
                                    "height": 129,
                                    "width": 129,
                                    "x": 0,
                                    "y": 131
                                },
                                "obscurity": [
                                    "left",
                                    "bottom"
                                ]
                            },
                            {
                                "data": {
                                    "font": "numberMild",
                                    "justification": "center",
                                    "width": 104,
                                    "x": 57,
                                    "y": 68
                                },
                                "label": {
                                    "font": "xtiny",
                                    "justification": "center",
                                    "x": 61,
                                    "y": 23
                                },
                                "labelDisabled": false,
                                "location": {
                                    "height": 129,
                                    "width": 129,
                                    "x": 131,
                                    "y": 131
                                },
                                "obscurity": [
                                    "right",
                                    "bottom"
                                ]
                            }
                        ],
                        "name": "3 Fields C"
                    },
                    {
                        "drawBorders": true,
                        "fields": [
                            {
                                "data": {
                                    "font": "numberMild",
                                    "justification": "center",
                                    "width": 121,
                                    "x": 130,
                                    "y": 60
                                },
                                "label": {
                                    "font": "xtiny",
                                    "justification": "center",
                                    "x": 130,
                                    "y": 29
                                },
                                "labelDisabled": false,
                                "location": {
                                    "height": 64,
                                    "width": 260,
                                    "x": 0,
                                    "y": 0
                                },
                                "obscurity": [
                                    "left",
                                    "top",
                                    "right"
                                ]
                            },
                            {
                                "data": {
                                    "font": "numberMedium",
                                    "justification": "center",
                                    "width": 139,
                                    "x": 130,
                                    "y": 60
                                },
                                "label": {
                                    "font": "xtiny",
                                    "justification": "center",
                                    "x": 130,
                                    "y": 17
                                },
                                "labelDisabled": false,
                                "location": {
                                    "height": 63,
                                    "width": 260,
                                    "x": 0,
                                    "y": 66
                                },
                                "obscurity": [
                                    "left",
                                    "right"
                                ]
                            },
                            {
                                "data": {
                                    "font": "numberMedium",
                                    "justification": "center",
                                    "width": 139,
                                    "x": 130,
                                    "y": 60
                                },
                                "label": {
                                    "font": "xtiny",
                                    "justification": "center",
                                    "x": 130,
                                    "y": 16
                                },
                                "labelDisabled": false,
                                "location": {
                                    "height": 63,
                                    "width": 260,
                                    "x": 0,
                                    "y": 132
                                },
                                "obscurity": [
                                    "left",
                                    "right"
                                ]
                            },
                            {
                                "data": {
                                    "font": "numberMild",
                                    "justification": "center",
                                    "width": 121,
                                    "x": 130,
                                    "y": 51
                                },
                                "label": {
                                    "font": "xtiny",
                                    "justification": "center",
                                    "x": 130,
                                    "y": 16
                                },
                                "labelDisabled": false,
                                "location": {
                                    "height": 64,
                                    "width": 260,
                                    "x": 0,
                                    "y": 196
                                },
                                "obscurity": [
                                    "left",
                                    "right",
                                    "bottom"
                                ]
                            }
                        ],
                        "name": "4 Fields A"
                    },
                    {
                        "drawBorders": true,
                        "fields": [
                            {
                                "data": {
                                    "font": "simExtNumber2",
                                    "justification": "center",
                                    "width": 143,
                                    "x": 130,
                                    "y": 89
                                },
                                "label": {
                                    "font": "xtiny",
                                    "justification": "center",
                                    "x": 130,
                                    "y": 37
                                },
                                "labelDisabled": false,
                                "location": {
                                    "height": 92,
                                    "width": 260,
                                    "x": 0,
                                    "y": 0
                                },
                                "obscurity": [
                                    "left",
                                    "top",
                                    "right"
                                ]
                            },
                            {
                                "data": {
                                    "font": "numberMedium",
                                    "justification": "center",
                                    "width": 124,
                                    "x": 68,
                                    "y": 66
                                },
                                "label": {
                                    "font": "xtiny",
                                    "justification": "center",
                                    "x": 64,
                                    "y": 20
                                },
                                "labelDisabled": false,
                                "location": {
                                    "height": 77,
                                    "width": 129,
                                    "x": 0,
                                    "y": 94
                                },
                                "obscurity": [
                                    "left"
                                ]
                            },
                            {
                                "data": {
                                    "font": "numberMedium",
                                    "justification": "center",
                                    "width": 124,
                                    "x": 68,
                                    "y": 66
                                },
                                "label": {
                                    "font": "xtiny",
                                    "justification": "center",
                                    "x": 64,
                                    "y": 20
                                },
                                "labelDisabled": false,
                                "location": {
                                    "height": 77,
                                    "width": 129,
                                    "x": 131,
                                    "y": 94
                                },
                                "obscurity": [
                                    "right"
                                ]
                            },
                            {
                                "data": {
                                    "font": "simExtNumber2",
                                    "justification": "center",
                                    "width": 143,
                                    "x": 130,
                                    "y": 70
                                },
                                "label": {
                                    "font": "xtiny",
                                    "justification": "center",
                                    "x": 130,
                                    "y": 17
                                },
                                "labelDisabled": false,
                                "location": {
                                    "height": 87,
                                    "width": 260,
                                    "x": 0,
                                    "y": 173
                                },
                                "obscurity": [
                                    "left",
                                    "right",
                                    "bottom"
                                ]
                            }
                        ],
                        "name": "4 Fields B"
                    },
                    {
                        "drawBorders": true,
                        "fields": [
                            {
                                "data": {
                                    "font": "numberMild",
                                    "justification": "center",
                                    "width": 104,
                                    "x": 69,
                                    "y": 118
                                },
                                "label": {
                                    "font": "xtiny",
                                    "justification": "center",
                                    "x": 73,
                                    "y": 71
                                },
                                "labelDisabled": false,
                                "location": {
                                    "height": 129,
                                    "width": 129,
                                    "x": 0,
                                    "y": 0
                                },
                                "obscurity": [
                                    "left",
                                    "top"
                                ]
                            },
                            {
                                "data": {
                                    "font": "numberMild",
                                    "justification": "center",
                                    "width": 104,
                                    "x": 58,
                                    "y": 118
                                },
                                "label": {
                                    "font": "xtiny",
                                    "justification": "center",
                                    "x": 55,
                                    "y": 71
                                },
                                "labelDisabled": false,
                                "location": {
                                    "height": 129,
                                    "width": 129,
                                    "x": 131,
                                    "y": 0
                                },
                                "obscurity": [
                                    "top",
                                    "right"
                                ]
                            },
                            {
                                "data": {
                                    "font": "numberMild",
                                    "justification": "center",
                                    "width": 104,
                                    "x": 69,
                                    "y": 67
                                },
                                "label": {
                                    "font": "xtiny",
                                    "justification": "center",
                                    "x": 73,
                                    "y": 22
                                },
                                "labelDisabled": false,
                                "location": {
                                    "height": 129,
                                    "width": 129,
                                    "x": 0,
                                    "y": 131
                                },
                                "obscurity": [
                                    "left",
                                    "bottom"
                                ]
                            },
                            {
                                "data": {
                                    "font": "numberMild",
                                    "justification": "center",
                                    "width": 104,
                                    "x": 58,
                                    "y": 67
                                },
                                "label": {
                                    "font": "xtiny",
                                    "justification": "center",
                                    "x": 55,
                                    "y": 22
                                },
                                "labelDisabled": false,
                                "location": {
                                    "height": 129,
                                    "width": 129,
                                    "x": 131,
                                    "y": 131
                                },
                                "obscurity": [
                                    "right",
                                    "bottom"
                                ]
                            }
                        ],
                        "name": "4 Fields C"
                    },
                    {
                        "drawBorders": true,
                        "fields": [
                            {
                                "data": {
                                    "font": "simExtNumber1",
                                    "justification": "center",
                                    "width": 112,
                                    "x": 130,
                                    "y": 61
                                },
                                "label": {
                                    "font": "xtiny",
                                    "justification": "center",
                                    "x": 130,
                                    "y": 28
                                },
                                "labelDisabled": false,
                                "location": {
                                    "height": 64,
                                    "width": 260,
                                    "x": 0,
                                    "y": 0
                                },
                                "obscurity": [
                                    "left",
                                    "top",
                                    "right"
                                ]
                            },
                            {
                                "data": {
                                    "font": "numberMedium",
                                    "justification": "center",
                                    "width": 139,
                                    "x": 130,
                                    "y": 59
                                },
                                "label": {
                                    "font": "xtiny",
                                    "justification": "center",
                                    "x": 130,
                                    "y": 16
                                },
                                "labelDisabled": false,
                                "location": {
                                    "height": 63,
                                    "width": 260,
                                    "x": 0,
                                    "y": 66
                                },
                                "obscurity": [
                                    "left",
                                    "right"
                                ]
                            },
                            {
                                "data": {
                                    "font": "simExtNumber1",
                                    "justification": "center",
                                    "width": 104,
                                    "x": 65,
                                    "y": 51
                                },
                                "label": {
                                    "font": "xtiny",
                                    "justification": "center",
                                    "x": 63,
                                    "y": 15
                                },
                                "labelDisabled": false,
                                "location": {
                                    "height": 63,
                                    "width": 129,
                                    "x": 0,
                                    "y": 131
                                },
                                "obscurity": [
                                    "left"
                                ]
                            },
                            {
                                "data": {
                                    "font": "simExtNumber1",
                                    "justification": "center",
                                    "width": 104,
                                    "x": 65,
                                    "y": 51
                                },
                                "label": {
                                    "font": "xtiny",
                                    "justification": "center",
                                    "x": 63,
                                    "y": 15
                                },
                                "labelDisabled": false,
                                "location": {
                                    "height": 63,
                                    "width": 129,
                                    "x": 131,
                                    "y": 131
                                },
                                "obscurity": [
                                    "right"
                                ]
                            },
                            {
                                "data": {
                                    "font": "simExtNumber1",
                                    "justification": "center",
                                    "width": 121,
                                    "x": 130,
                                    "y": 48
                                },
                                "label": {
                                    "font": "xtiny",
                                    "justification": "center",
                                    "x": 130,
                                    "y": 15
                                },
                                "labelDisabled": false,
                                "location": {
                                    "height": 64,
                                    "width": 260,
                                    "x": 0,
                                    "y": 196
                                },
                                "obscurity": [
                                    "left",
                                    "right",
                                    "bottom"
                                ]
                            }
                        ],
                        "name": "5 Fields"
                    },
                    {
                        "drawBorders": true,
                        "fields": [
                            {
                                "data": {
                                    "font": "simExtNumber1",
                                    "justification": "center",
                                    "width": 121,
                                    "x": 130,
                                    "y": 61
                                },
                                "label": {
                                    "font": "xtiny",
                                    "justification": "center",
                                    "x": 130,
                                    "y": 28
                                },
                                "labelDisabled": false,
                                "location": {
                                    "height": 64,
                                    "width": 260,
                                    "x": 0,
                                    "y": 0
                                },
                                "obscurity": [
                                    "left",
                                    "top",
                                    "right"
                                ]
                            },
                            {
                                "data": {
                                    "font": "simExtNumber1",
                                    "justification": "center",
                                    "width": 104,
                                    "x": 65,
                                    "y": 59
                                },
                                "label": {
                                    "font": "xtiny",
                                    "justification": "center",
                                    "x": 63,
                                    "y": 24
                                },
                                "labelDisabled": false,
                                "location": {
                                    "height": 63,
                                    "width": 129,
                                    "x": 0,
                                    "y": 66
                                },
                                "obscurity": [
                                    "left"
                                ]
                            },
                            {
                                "data": {
                                    "font": "simExtNumber1",
                                    "justification": "center",
                                    "width": 104,
                                    "x": 65,
                                    "y": 59
                                },
                                "label": {
                                    "font": "xtiny",
                                    "justification": "center",
                                    "x": 63,
                                    "y": 24
                                },
                                "labelDisabled": false,
                                "location": {
                                    "height": 63,
                                    "width": 129,
                                    "x": 131,
                                    "y": 66
                                },
                                "obscurity": [
                                    "right"
                                ]
                            },
                            {
                                "data": {
                                    "font": "simExtNumber1",
                                    "justification": "center",
                                    "width": 104,
                                    "x": 65,
                                    "y": 51
                                },
                                "label": {
                                    "font": "xtiny",
                                    "justification": "center",
                                    "x": 63,
                                    "y": 15
                                },
                                "labelDisabled": false,
                                "location": {
                                    "height": 63,
                                    "width": 129,
                                    "x": 0,
                                    "y": 131
                                },
                                "obscurity": [
                                    "left"
                                ]
                            },
                            {
                                "data": {
                                    "font": "simExtNumber1",
                                    "justification": "center",
                                    "width": 104,
                                    "x": 65,
                                    "y": 51
                                },
                                "label": {
                                    "font": "xtiny",
                                    "justification": "center",
                                    "x": 63,
                                    "y": 15
                                },
                                "labelDisabled": false,
                                "location": {
                                    "height": 63,
                                    "width": 129,
                                    "x": 131,
                                    "y": 131
                                },
                                "obscurity": [
                                    "right"
                                ]
                            },
                            {
                                "data": {
                                    "font": "simExtNumber1",
                                    "justification": "center",
                                    "width": 121,
                                    "x": 130,
                                    "y": 48
                                },
                                "label": {
                                    "font": "xtiny",
                                    "justification": "center",
                                    "x": 130,
                                    "y": 15
                                },
                                "labelDisabled": false,
                                "location": {
                                    "height": 64,
                                    "width": 260,
                                    "x": 0,
                                    "y": 196
                                },
                                "obscurity": [
                                    "left",
                                    "right",
                                    "bottom"
                                ]
                            }
                        ],
                        "name": "6 Fields"
                    }
                ]
            },
            "map": [
                {
                    "file": "map_toggle_option_1.png",
                    "id": "toggleOption1",
                    "x": 211,
                    "y": 47
                },
                {
                    "file": "map_toggle_option_2.png",
                    "id": "toggleOption2",
                    "x": 211,
                    "y": 47
                },
                {
                    "file": "map_toggle_option_3.png",
                    "id": "toggleOption3",
                    "x": 211,
                    "y": 47
                },
                {
                    "file": "map_zoom_in.png",
                    "id": "zoomIn",
                    "x": 5,
                    "y": 115
                },
                {
                    "file": "map_zoom_out.png",
                    "id": "zoomOut",
                    "x": 27,
                    "y": 180
                },
                {
                    "file": "map_pan_up.png",
                    "id": "panUp",
                    "x": 5,
                    "y": 115
                },
                {
                    "file": "map_pan_down.png",
                    "id": "panDown",
                    "x": 27,
                    "y": 180
                },
                {
                    "file": "map_pan_left.png",
                    "id": "panLeft",
                    "x": 5,
                    "y": 115
                },
                {
                    "file": "map_pan_right.png",
                    "id": "panRight",
                    "x": 27,
                    "y": 180
                },
                {
                    "file": "map_pointer.png",
                    "id": "centerPointer",
                    "x": 107,
                    "y": 107
                },
                {
                    "file": "navigation_pointer.png",
                    "id": "navigationPointer",
                    "x": 115,
                    "y": 115
                }
            ],
            "menu2": {
                "customTitle": {
                    "height": 57,
                    "width": 137,
                    "x": 62,
                    "y": 20
                },
                "doneButtons": {
                    "bottom": true
                },
                "focusArrowPoints": [
                    {
                        "x": 13,
                        "y": 0
                    },
                    {
                        "x": 16,
                        "y": 0
                    },
                    {
                        "x": 16,
                        "y": 70
                    },
                    {
                        "x": 13,
                        "y": 70
                    },
                    {
                        "x": 13,
                        "y": 0
                    }
                ],
                "items": {
                    "checks": [
                        {
                            "alignment": "left",
                            "disabledIconFile": "menu2_check_off.png",
                            "enabledIconFile": "menu2_check_on.png",
                            "x": 0,
                            "y": 25
                        },
                        {
                            "alignment": "right",
                            "disabledIconFile": "menu2_check_off.png",
                            "enabledIconFile": "menu2_check_on.png",
                            "x": 177,
                            "y": 25
                        }
                    ],
                    "icons": {
                        "check": "left",
                        "icon": "left",
                        "leftLocation": {
                            "height": 76,
                            "width": 45,
                            "x": 0,
                            "y": 5
                        },
                        "rightLocation": {
                            "height": 76,
                            "width": 45,
                            "x": 174,
                            "y": 5
                        },
                        "toggle": "right"
                    },
                    "item": {
                        "height": 76,
                        "labelFont": "small",
                        "subLabelFont": "simExtNumber5",
                        "width": 237,
                        "xOffset": 23,
                        "xOffsetItem": 23
                    },
                    "region": {
                        "height": 76,
                        "width": 234,
                        "x": 0,
                        "y": 0
                    },
                    "stringWidths": {
                        "basic": 211,
                        "check": 123,
                        "icon": 115,
                        "toggle": 200
                    },
                    "subItem": {
                        "height": 55,
                        "labelFont": "tiny",
                        "labelWidth": 193,
                        "yOffset": 2
                    },
                    "toggles": [
                        {
                            "alignment": "left",
                            "disabledIconFile": "dtoggle_off.png",
                            "enabledIconFile": "dtoggle_on.png",
                            "x": 0,
                            "y": 20
                        },
                        {
                            "alignment": "right",
                            "disabledIconFile": "dtoggle_off.png",
                            "enabledIconFile": "dtoggle_on.png",
                            "x": 200,
                            "y": 20
                        }
                    ]
                },
                "mode": "touchButton",
                "title": {
                    "height": 92,
                    "width": 260,
                    "x": 0,
                    "y": 0
                },
                "titleString": {
                    "font": "simExtNumber4",
                    "width": 130,
                    "x": 130,
                    "y": 46
                }
            },
            "orientation": "portrait",
            "pageIndicator": {
                "colors": {
                    "background": "FFFFFF",
                    "outline": "FFFFFF",
                    "selected": "AAAAAA"
                },
                "location": "left",
                "timeout": 5000,
                "type": "arc"
            },
            "picker": {
                "entries": [
                    {
                        "height": 1,
                        "width": 1,
                        "x": 0,
                        "y": 0
                    },
                    {
                        "height": 103,
                        "width": 184,
                        "x": 40,
                        "y": 122
                    },
                    {
                        "height": 1,
                        "width": 1,
                        "x": 0,
                        "y": 0
                    }
                ],
                "nextArrow": {
                    "height": 8,
                    "width": 16,
                    "x": 124,
                    "y": 115
                },
                "previousArrow": {
                    "height": 8,
                    "width": 16,
                    "x": 124,
                    "y": 225
                },
                "showConfirm": true,
                "title": {
                    "height": 31,
                    "width": 202,
                    "x": 31,
                    "y": 48
                }
            },
            "toast": {
                "autoDismissTime": 30000,
                "height": 88,
                "icon": {
                    "height": 21,
                    "width": 21,
                    "x": 130,
                    "y": 15
                },
                "text": {
                    "firstLine": 0,
                    "font": "tiny",
                    "height": 89,
                    "lineCount": 1,
                    "shortenWithEllipsis": true,
                    "staticJustification": 5,
                    "width": 217,
                    "x": 22,
                    "y": 62
                },
                "type": "partial"
            }
        }
    ],
    "minimumRequiredSimulatorVersion": "4.2.1",
    "ppi": 200,
    "sensorHistory": [
        {
            "interval": 60,
            "size": 360,
            "type": "heartrate"
        },
        {
            "interval": 120,
            "size": 180,
            "type": "elevation"
        },
        {
            "interval": 120,
            "size": 180,
            "type": "temperature"
        },
        {
            "interval": 120,
            "size": 180,
            "type": "pressure"
        },
        {
            "interval": 3600,
            "size": 192,
            "type": "pulseox"
        }
    ],
    "sensorSampleRate": {
        "highFrequencyRate": true,
        "maxAccelRate": 100,
        "maxGyroRate": 100,
        "maxMagRate": 50
    },
    "solarChargingSupport": true,
    "watchdogCount": 240000,
    "wifiExclusions": [
        "normal"
    ]
}