{
    "appStorageCapacity": 10485760,
    "constellationConfiguration": [
        {
            "configuration": [
                "GPS L1",
                "GPS L5",
                "GALILEO L1",
                "GALILEO L5",
                "GLONASS",
                "BEIDOU L1",
                "BEIDOU L5",
                "SATIQ"
            ],
            "name": "All SKUs"
        }
    ],
    "display": {
        "behaviors": [
            {
                "gesture": "swipeRight",
                "id": "onBack"
            },
            {
                "gesture": "swipeLeft"
            },
            {
                "gesture": "swipeUp",
                "id": "nextPage"
            },
            {
                "gesture": "swipeDown",
                "id": "previousPage"
            },
            {
                "gesture": "hold"
            },
            {
                "gesture": "release"
            },
            {
                "gesture": "tap",
                "id": "onSelect"
            }
        ],
        "isTouch": true,
        "landscapeOrientation": 0,
        "location": {
            "height": 390,
            "width": 390,
            "x": 139,
            "y": 253
        },
        "shape": "round"
    },
    "fonts": [
        {
            "fontSet": "ww",
            "fonts": [
                {
                    "filename": "FNT_006B410500_CDPG_ROBOTO_19B",
                    "name": "xtiny"
                },
                {
                    "filename": "FNT_006B410500_CDPG_ROBOTO_25B",
                    "name": "tiny"
                },
                {
                    "filename": "FNT_006B410500_CDPG_ROBOTO_27B",
                    "name": "small"
                },
                {
                    "filename": "FNT_006B410500_CDPG_ROBOTO_32B",
                    "name": "medium"
                },
                {
                    "filename": "FNT_006B410500_CDPG_ROBOTO_35B",
                    "name": "large"
                },
                {
                    "filename": "FNT_006B410500_BIONIC_COND_SEMI_BOLD_NUMBER_42",
                    "name": "numberMild"
                },
                {
                    "filename": "FNT_006B410500_BIONIC_COND_SEMI_BOLD_NUMBER_51",
                    "name": "numberMedium"
                },
                {
                    "filename": "FNT_006B410500_BIONIC_SEMI_BOLD_NUMBER_69",
                    "name": "numberHot"
                },
                {
                    "filename": "FNT_006B410500_BIONIC_SEMI_BOLD_NUMBER_80",
                    "name": "numberThaiHot"
                },
                {
                    "filename": "FNT_006B410500_CDPG_ROBOTO_21B",
                    "name": "glanceFont"
                },
                {
                    "filename": "FNT_006B410500_BIONIC_SEMI_BOLD_NUMBER_28",
                    "name": "glanceNumberFont"
                },
                {
                    "filename": "Bionic_Bold_Number_Only",
                    "name": "BionicBold",
                    "type": "system_ttf"
                },
                {
                    "filename": "RobotoCondensed-Bold",
                    "name": "RobotoCondensedBold",
                    "type": "system_ttf"
                },
                {
                    "filename": "RobotoCondensed-Regular",
                    "name": "RobotoCondensedRegular",
                    "type": "system_ttf"
                },
                {
                    "filename": "NotoSansSC-Medium-3",
                    "name": "NotoSansSCMedium",
                    "type": "system_ttf"
                },
                {
                    "filename": "Kosugi-Regular-3",
                    "name": "KosugiRegular",
                    "type": "system_ttf"
                },
                {
                    "filename": "NanumGothic-Regular",
                    "name": "NanumGothicRegular",
                    "type": "system_ttf"
                },
                {
                    "filename": "Pridi-Regular_Garmin",
                    "name": "PridiRegularGarmin",
                    "type": "system_ttf"
                },
                {
                    "filename": "sakkal_majalla_bold",
                    "name": "SakkalMajallaBold",
                    "type": "system_ttf"
                },
                {
                    "filename": "sakkal_majalla_roman",
                    "name": "SakkalMajallaRoman",
                    "type": "system_ttf"
                },
                {
                    "filename": "swiss_721_bd",
                    "name": "Swiss721Bold",
                    "type": "system_ttf"
                },
                {
                    "filename": "swiss_721_reg",
                    "name": "Swiss721Regular",
                    "type": "system_ttf"
                },
                {
                    "filename": "Exo-SemiBold",
                    "name": "ExoSemiBold",
                    "type": "system_ttf"
                }
            ]
        },
        {
            "fontSet": "apac_twcn",
            "fonts": [
                {
                    "filename": "FNT_006B410500_NOTO_SANS_SC_MEDIUM-94_24",
                    "name": "xtiny"
                },
                {
                    "filename": "FNT_006B410500_NOTO_SANS_SC_MEDIUM-94_33",
                    "name": "tiny"
                },
                {
                    "filename": "FNT_006B410500_NOTO_SANS_SC_MEDIUM-94_37",
                    "name": "small"
                },
                {
                    "filename": "FNT_006B410500_NOTO_SANS_SC_MEDIUM-94_42",
                    "name": "medium"
                },
                {
                    "filename": "FNT_006B410500_NOTO_SANS_SC_MEDIUM-94_46",
                    "name": "large"
                },
                {
                    "filename": "FNT_006B410500_BIONIC_COND_SEMI_BOLD_NUMBER_42",
                    "name": "numberMild"
                },
                {
                    "filename": "FNT_006B410500_BIONIC_COND_SEMI_BOLD_NUMBER_51",
                    "name": "numberMedium"
                },
                {
                    "filename": "FNT_006B410500_BIONIC_SEMI_BOLD_NUMBER_69",
                    "name": "numberHot"
                },
                {
                    "filename": "FNT_006B410500_BIONIC_SEMI_BOLD_NUMBER_80",
                    "name": "numberThaiHot"
                },
                {
                    "filename": "FNT_006B410500_NOTO_SANS_SC_MEDIUM-94_28",
                    "name": "glanceFont"
                },
                {
                    "filename": "FNT_006B410500_BIONIC_SEMI_BOLD_NUMBER_28",
                    "name": "glanceNumberFont"
                },
                {
                    "filename": "Bionic_Bold_Number_Only",
                    "name": "BionicBold",
                    "type": "system_ttf"
                },
                {
                    "filename": "RobotoCondensed-Bold",
                    "name": "RobotoCondensedBold",
                    "type": "system_ttf"
                },
                {
                    "filename": "RobotoCondensed-Regular",
                    "name": "RobotoCondensedRegular",
                    "type": "system_ttf"
                },
                {
                    "filename": "NotoSansSC-Medium-3",
                    "name": "NotoSansSCMedium",
                    "type": "system_ttf"
                },
                {
                    "filename": "Kosugi-Regular-3",
                    "name": "KosugiRegular",
                    "type": "system_ttf"
                },
                {
                    "filename": "NanumGothic-Regular",
                    "name": "NanumGothicRegular",
                    "type": "system_ttf"
                },
                {
                    "filename": "Pridi-Regular_Garmin",
                    "name": "PridiRegularGarmin",
                    "type": "system_ttf"
                },
                {
                    "filename": "sakkal_majalla_bold",
                    "name": "SakkalMajallaBold",
                    "type": "system_ttf"
                },
                {
                    "filename": "sakkal_majalla_roman",
                    "name": "SakkalMajallaRoman",
                    "type": "system_ttf"
                },
                {
                    "filename": "swiss_721_bd",
                    "name": "Swiss721Bold",
                    "type": "system_ttf"
                },
                {
                    "filename": "swiss_721_reg",
                    "name": "Swiss721Regular",
                    "type": "system_ttf"
                },
                {
                    "filename": "Exo-SemiBold",
                    "name": "ExoSemiBold",
                    "type": "system_ttf"
                }
            ]
        },
        {
            "fontSet": "apac_jpn",
            "fonts": [
                {
                    "filename": "FNT_006B410500_KOSUGI-REGULAR-94_24",
                    "name": "xtiny"
                },
                {
                    "filename": "FNT_006B410500_KOSUGI-REGULAR-94_33",
                    "name": "tiny"
                },
                {
                    "filename": "FNT_006B410500_KOSUGI-REGULAR-94_37",
                    "name": "small"
                },
                {
                    "filename": "FNT_006B410500_KOSUGI-REGULAR-94_42",
                    "name": "medium"
                },
                {
                    "filename": "FNT_006B410500_KOSUGI-REGULAR-94_46",
                    "name": "large"
                },
                {
                    "filename": "FNT_006B410500_BIONIC_COND_SEMI_BOLD_NUMBER_42",
                    "name": "numberMild"
                },
                {
                    "filename": "FNT_006B410500_BIONIC_COND_SEMI_BOLD_NUMBER_51",
                    "name": "numberMedium"
                },
                {
                    "filename": "FNT_006B410500_BIONIC_SEMI_BOLD_NUMBER_69",
                    "name": "numberHot"
                },
                {
                    "filename": "FNT_006B410500_BIONIC_SEMI_BOLD_NUMBER_80",
                    "name": "numberThaiHot"
                },
                {
                    "filename": "FNT_006B410500_KOSUGI-REGULAR-94_28",
                    "name": "glanceFont"
                },
                {
                    "filename": "FNT_006B410500_BIONIC_SEMI_BOLD_NUMBER_28",
                    "name": "glanceNumberFont"
                },
                {
                    "filename": "Bionic_Bold_Number_Only",
                    "name": "BionicBold",
                    "type": "system_ttf"
                },
                {
                    "filename": "RobotoCondensed-Bold",
                    "name": "RobotoCondensedBold",
                    "type": "system_ttf"
                },
                {
                    "filename": "RobotoCondensed-Regular",
                    "name": "RobotoCondensedRegular",
                    "type": "system_ttf"
                },
                {
                    "filename": "NotoSansSC-Medium-3",
                    "name": "NotoSansSCMedium",
                    "type": "system_ttf"
                },
                {
                    "filename": "Kosugi-Regular-3",
                    "name": "KosugiRegular",
                    "type": "system_ttf"
                },
                {
                    "filename": "NanumGothic-Regular",
                    "name": "NanumGothicRegular",
                    "type": "system_ttf"
                },
                {
                    "filename": "Pridi-Regular_Garmin",
                    "name": "PridiRegularGarmin",
                    "type": "system_ttf"
                },
                {
                    "filename": "sakkal_majalla_bold",
                    "name": "SakkalMajallaBold",
                    "type": "system_ttf"
                },
                {
                    "filename": "sakkal_majalla_roman",
                    "name": "SakkalMajallaRoman",
                    "type": "system_ttf"
                },
                {
                    "filename": "swiss_721_bd",
                    "name": "Swiss721Bold",
                    "type": "system_ttf"
                },
                {
                    "filename": "swiss_721_reg",
                    "name": "Swiss721Regular",
                    "type": "system_ttf"
                },
                {
                    "filename": "Exo-SemiBold",
                    "name": "ExoSemiBold",
                    "type": "system_ttf"
                }
            ]
        },
        {
            "fontSet": "apac_kor",
            "fonts": [
                {
                    "filename": "FNT_006B410500_NANUM_GOTHIC_BOLD-94_24",
                    "name": "xtiny"
                },
                {
                    "filename": "FNT_006B410500_NANUM_GOTHIC_BOLD-94_33",
                    "name": "tiny"
                },
                {
                    "filename": "FNT_006B410500_NANUM_GOTHIC_BOLD-94_37",
                    "name": "small"
                },
                {
                    "filename": "FNT_006B410500_NANUM_GOTHIC_BOLD-94_42",
                    "name": "medium"
                },
                {
                    "filename": "FNT_006B410500_NANUM_GOTHIC_BOLD-94_46",
                    "name": "large"
                },
                {
                    "filename": "FNT_006B410500_BIONIC_COND_SEMI_BOLD_NUMBER_42",
                    "name": "numberMild"
                },
                {
                    "filename": "FNT_006B410500_BIONIC_COND_SEMI_BOLD_NUMBER_51",
                    "name": "numberMedium"
                },
                {
                    "filename": "FNT_006B410500_BIONIC_SEMI_BOLD_NUMBER_69",
                    "name": "numberHot"
                },
                {
                    "filename": "FNT_006B410500_BIONIC_SEMI_BOLD_NUMBER_80",
                    "name": "numberThaiHot"
                },
                {
                    "filename": "FNT_006B410500_NANUM_GOTHIC_BOLD-94_28",
                    "name": "glanceFont"
                },
                {
                    "filename": "FNT_006B410500_BIONIC_SEMI_BOLD_NUMBER_28",
                    "name": "glanceNumberFont"
                },
                {
                    "filename": "Bionic_Bold_Number_Only",
                    "name": "BionicBold",
                    "type": "system_ttf"
                },
                {
                    "filename": "RobotoCondensed-Bold",
                    "name": "RobotoCondensedBold",
                    "type": "system_ttf"
                },
                {
                    "filename": "RobotoCondensed-Regular",
                    "name": "RobotoCondensedRegular",
                    "type": "system_ttf"
                },
                {
                    "filename": "NotoSansSC-Medium-3",
                    "name": "NotoSansSCMedium",
                    "type": "system_ttf"
                },
                {
                    "filename": "Kosugi-Regular-3",
                    "name": "KosugiRegular",
                    "type": "system_ttf"
                },
                {
                    "filename": "NanumGothic-Regular",
                    "name": "NanumGothicRegular",
                    "type": "system_ttf"
                },
                {
                    "filename": "Pridi-Regular_Garmin",
                    "name": "PridiRegularGarmin",
                    "type": "system_ttf"
                },
                {
                    "filename": "sakkal_majalla_bold",
                    "name": "SakkalMajallaBold",
                    "type": "system_ttf"
                },
                {
                    "filename": "sakkal_majalla_roman",
                    "name": "SakkalMajallaRoman",
                    "type": "system_ttf"
                },
                {
                    "filename": "swiss_721_bd",
                    "name": "Swiss721Bold",
                    "type": "system_ttf"
                },
                {
                    "filename": "swiss_721_reg",
                    "name": "Swiss721Regular",
                    "type": "system_ttf"
                },
                {
                    "filename": "Exo-SemiBold",
                    "name": "ExoSemiBold",
                    "type": "system_ttf"
                }
            ]
        },
        {
            "fontSet": "apac_tha",
            "fonts": [
                {
                    "filename": "bitstreamVeraSans 16",
                    "name": "xtiny"
                },
                {
                    "filename": "bitstreamVeraSans 16",
                    "name": "tiny"
                },
                {
                    "filename": "bitstreamVeraSans 16",
                    "name": "small"
                },
                {
                    "filename": "bitstreamVeraSans 21",
                    "name": "medium"
                },
                {
                    "filename": "bitstreamVeraSans 27",
                    "name": "large"
                },
                {
                    "filename": "FNT_006B410500_BIONIC_COND_SEMI_BOLD_NUMBER_42",
                    "name": "numberMild"
                },
                {
                    "filename": "FNT_006B410500_BIONIC_COND_SEMI_BOLD_NUMBER_51",
                    "name": "numberMedium"
                },
                {
                    "filename": "FNT_006B410500_BIONIC_SEMI_BOLD_NUMBER_69",
                    "name": "numberHot"
                },
                {
                    "filename": "FNT_006B410500_BIONIC_SEMI_BOLD_NUMBER_80",
                    "name": "numberThaiHot"
                },
                {
                    "filename": "bitstreamVeraSans 16",
                    "name": "glanceFont"
                },
                {
                    "filename": "FNT_006B410500_BIONIC_SEMI_BOLD_NUMBER_28",
                    "name": "glanceNumberFont"
                },
                {
                    "filename": "Bionic_Bold_Number_Only",
                    "name": "BionicBold",
                    "type": "system_ttf"
                },
                {
                    "filename": "RobotoCondensed-Bold",
                    "name": "RobotoCondensedBold",
                    "type": "system_ttf"
                },
                {
                    "filename": "RobotoCondensed-Regular",
                    "name": "RobotoCondensedRegular",
                    "type": "system_ttf"
                },
                {
                    "filename": "NotoSansSC-Medium-3",
                    "name": "NotoSansSCMedium",
                    "type": "system_ttf"
                },
                {
                    "filename": "Kosugi-Regular-3",
                    "name": "KosugiRegular",
                    "type": "system_ttf"
                },
                {
                    "filename": "NanumGothic-Regular",
                    "name": "NanumGothicRegular",
                    "type": "system_ttf"
                },
                {
                    "filename": "Pridi-Regular_Garmin",
                    "name": "PridiRegularGarmin",
                    "type": "system_ttf"
                },
                {
                    "filename": "sakkal_majalla_bold",
                    "name": "SakkalMajallaBold",
                    "type": "system_ttf"
                },
                {
                    "filename": "sakkal_majalla_roman",
                    "name": "SakkalMajallaRoman",
                    "type": "system_ttf"
                },
                {
                    "filename": "swiss_721_bd",
                    "name": "Swiss721Bold",
                    "type": "system_ttf"
                },
                {
                    "filename": "swiss_721_reg",
                    "name": "Swiss721Regular",
                    "type": "system_ttf"
                },
                {
                    "filename": "Exo-SemiBold",
                    "name": "ExoSemiBold",
                    "type": "system_ttf"
                }
            ]
        }
    ],
    "glance": {
        "cacheUpdate": false,
        "contentArea": {
            "height": 103,
            "width": 248,
            "x": 112,
            "y": 0
        },
        "iconArea": {
            "height": 60,
            "width": 60,
            "x": 40,
            "y": 21
        },
        "liveUpdates": true
    },
    "graphicsResourcePoolSize": 3145728,
    "image": "marq2.png",
    "keys": [
        {
            "behavior": "onSelect",
            "id": "enter",
            "location": {
                "height": 86,
                "width": 78,
                "x": 551,
                "y": 258
            }
        },
        {
            "behavior": "previousPage",
            "id": "up",
            "location": {
                "height": 84,
                "width": 51,
                "x": 13,
                "y": 406
            }
        },
        {
            "behavior": "onMenu",
            "id": "menu",
            "isHold": true,
            "location": {
                "height": 84,
                "width": 51,
                "x": 13,
                "y": 406
            }
        },
        {
            "behavior": "nextPage",
            "id": "down",
            "location": {
                "height": 80,
                "width": 81,
                "x": 37,
                "y": 553
            }
        },
        {
            "id": "clock",
            "isHold": true,
            "location": {
                "height": 80,
                "width": 81,
                "x": 37,
                "y": 553
            }
        },
        {
            "behavior": "onBack",
            "id": "esc",
            "location": {
                "height": 88,
                "width": 67,
                "x": 554,
                "y": 548
            }
        }
    ],
    "layouts": [
        {
            "actionMenu": {
                "area": {
                    "height": 390,
                    "width": 197,
                    "x": 194,
                    "y": 0
                },
                "borderWidth": 2,
                "entries": [
                    {
                        "alignment": "left",
                        "height": 30,
                        "selection": false,
                        "textPadding": 0,
                        "x": 13,
                        "y": 44
                    },
                    {
                        "alignment": "left",
                        "height": 30,
                        "selection": false,
                        "textPadding": 0,
                        "x": 13,
                        "y": 105
                    },
                    {
                        "alignment": "left",
                        "height": 30,
                        "selection": true,
                        "textPadding": 0,
                        "x": 13,
                        "y": 167
                    },
                    {
                        "alignment": "left",
                        "height": 30,
                        "selection": false,
                        "textPadding": 0,
                        "x": 13,
                        "y": 228
                    },
                    {
                        "alignment": "left",
                        "height": 30,
                        "selection": false,
                        "textPadding": 0,
                        "x": 13,
                        "y": 290
                    }
                ],
                "selectionDisplay": {
                    "height": 63,
                    "width": 4,
                    "x": 5,
                    "y": 153
                },
                "type": "partial"
            },
            "datafields": {
                "datafields": [
                    {
                        "drawBorders": true,
                        "fields": [
                            {
                                "data": {
                                    "font": "numberThaiHot",
                                    "justification": "center",
                                    "width": 331,
                                    "x": 195,
                                    "y": 259
                                },
                                "label": {
                                    "font": "xtiny",
                                    "justification": "center",
                                    "x": 195,
                                    "y": 117
                                },
                                "labelDisabled": false,
                                "location": {
                                    "height": 390,
                                    "width": 390,
                                    "x": 0,
                                    "y": 0
                                },
                                "obscurity": [
                                    "left",
                                    "top",
                                    "right",
                                    "bottom"
                                ]
                            }
                        ],
                        "name": "1 Field"
                    },
                    {
                        "drawBorders": true,
                        "fields": [
                            {
                                "data": {
                                    "font": "numberThaiHot",
                                    "justification": "center",
                                    "width": 266,
                                    "x": 195,
                                    "y": 150
                                },
                                "label": {
                                    "font": "xtiny",
                                    "justification": "center",
                                    "x": 195,
                                    "y": 49
                                },
                                "labelDisabled": false,
                                "location": {
                                    "height": 194,
                                    "width": 390,
                                    "x": 0,
                                    "y": 0
                                },
                                "obscurity": [
                                    "left",
                                    "top",
                                    "right"
                                ]
                            },
                            {
                                "data": {
                                    "font": "numberThaiHot",
                                    "justification": "center",
                                    "width": 266,
                                    "x": 195,
                                    "y": 129
                                },
                                "label": {
                                    "font": "xtiny",
                                    "justification": "center",
                                    "x": 195,
                                    "y": 31
                                },
                                "labelDisabled": false,
                                "location": {
                                    "height": 194,
                                    "width": 390,
                                    "x": 0,
                                    "y": 196
                                },
                                "obscurity": [
                                    "left",
                                    "right",
                                    "bottom"
                                ]
                            }
                        ],
                        "name": "2 Fields"
                    },
                    {
                        "drawBorders": true,
                        "fields": [
                            {
                                "data": {
                                    "font": "numberMild",
                                    "justification": "center",
                                    "width": 227,
                                    "x": 195,
                                    "y": 115
                                },
                                "label": {
                                    "font": "xtiny",
                                    "justification": "center",
                                    "x": 195,
                                    "y": 55
                                },
                                "labelDisabled": false,
                                "location": {
                                    "height": 124,
                                    "width": 390,
                                    "x": 0,
                                    "y": 0
                                },
                                "obscurity": [
                                    "left",
                                    "top",
                                    "right"
                                ]
                            },
                            {
                                "data": {
                                    "font": "numberThaiHot",
                                    "justification": "center",
                                    "width": 283,
                                    "x": 195,
                                    "y": 125
                                },
                                "label": {
                                    "font": "xtiny",
                                    "justification": "center",
                                    "x": 195,
                                    "y": 25
                                },
                                "labelDisabled": false,
                                "location": {
                                    "height": 138,
                                    "width": 390,
                                    "x": 0,
                                    "y": 125
                                },
                                "obscurity": [
                                    "left",
                                    "right"
                                ]
                            },
                            {
                                "data": {
                                    "font": "numberMild",
                                    "justification": "center",
                                    "width": 227,
                                    "x": 195,
                                    "y": 90
                                },
                                "label": {
                                    "font": "xtiny",
                                    "justification": "center",
                                    "x": 195,
                                    "y": 24
                                },
                                "labelDisabled": false,
                                "location": {
                                    "height": 124,
                                    "width": 390,
                                    "x": 0,
                                    "y": 264
                                },
                                "obscurity": [
                                    "left",
                                    "right",
                                    "bottom"
                                ]
                            }
                        ],
                        "name": "3 Fields A"
                    },
                    {
                        "drawBorders": false,
                        "fields": [
                            {
                                "data": {
                                    "font": "numberHot",
                                    "justification": "center",
                                    "width": 259,
                                    "x": 195,
                                    "y": 120
                                },
                                "labelDisabled": true,
                                "location": {
                                    "height": 132,
                                    "width": 390,
                                    "x": 0,
                                    "y": 0
                                },
                                "obscurity": [
                                    "left",
                                    "top",
                                    "right"
                                ]
                            },
                            {
                                "data": {
                                    "font": "numberThaiHot",
                                    "justification": "center",
                                    "width": 283,
                                    "x": 195,
                                    "y": 98
                                },
                                "labelDisabled": true,
                                "location": {
                                    "height": 122,
                                    "width": 390,
                                    "x": 0,
                                    "y": 133
                                },
                                "obscurity": [
                                    "left",
                                    "right"
                                ]
                            },
                            {
                                "data": {
                                    "font": "numberHot",
                                    "justification": "center",
                                    "width": 259,
                                    "x": 195,
                                    "y": 76
                                },
                                "labelDisabled": true,
                                "location": {
                                    "height": 132,
                                    "width": 390,
                                    "x": 0,
                                    "y": 256
                                },
                                "obscurity": [
                                    "left",
                                    "right",
                                    "bottom"
                                ]
                            }
                        ],
                        "name": "3 Fields B"
                    },
                    {
                        "drawBorders": true,
                        "fields": [
                            {
                                "data": {
                                    "font": "numberThaiHot",
                                    "justification": "center",
                                    "width": 260,
                                    "x": 195,
                                    "y": 186
                                },
                                "label": {
                                    "font": "xtiny",
                                    "justification": "center",
                                    "x": 195,
                                    "y": 85
                                },
                                "labelDisabled": false,
                                "location": {
                                    "height": 194,
                                    "width": 390,
                                    "x": 0,
                                    "y": 0
                                },
                                "obscurity": [
                                    "left",
                                    "top",
                                    "right"
                                ]
                            },
                            {
                                "data": {
                                    "font": "numberMild",
                                    "justification": "center",
                                    "width": 165,
                                    "x": 115,
                                    "y": 100
                                },
                                "label": {
                                    "font": "xtiny",
                                    "justification": "center",
                                    "x": 110,
                                    "y": 33
                                },
                                "labelDisabled": false,
                                "location": {
                                    "height": 194,
                                    "width": 194,
                                    "x": 0,
                                    "y": 195
                                },
                                "obscurity": [
                                    "left",
                                    "bottom"
                                ]
                            },
                            {
                                "data": {
                                    "font": "numberMild",
                                    "justification": "center",
                                    "width": 165,
                                    "x": 90,
                                    "y": 100
                                },
                                "label": {
                                    "font": "xtiny",
                                    "justification": "center",
                                    "x": 95,
                                    "y": 33
                                },
                                "labelDisabled": false,
                                "location": {
                                    "height": 194,
                                    "width": 194,
                                    "x": 195,
                                    "y": 195
                                },
                                "obscurity": [
                                    "right",
                                    "bottom"
                                ]
                            }
                        ],
                        "name": "3 Fields C"
                    },
                    {
                        "drawBorders": true,
                        "fields": [
                            {
                                "data": {
                                    "font": "numberMild",
                                    "justification": "center",
                                    "width": 193,
                                    "x": 195,
                                    "y": 95
                                },
                                "label": {
                                    "font": "xtiny",
                                    "justification": "center",
                                    "x": 195,
                                    "y": 43
                                },
                                "labelDisabled": false,
                                "location": {
                                    "height": 97,
                                    "width": 390,
                                    "x": 0,
                                    "y": 0
                                },
                                "obscurity": [
                                    "left",
                                    "top",
                                    "right"
                                ]
                            },
                            {
                                "data": {
                                    "font": "numberMedium",
                                    "justification": "center",
                                    "width": 239,
                                    "x": 195,
                                    "y": 89
                                },
                                "label": {
                                    "font": "xtiny",
                                    "justification": "center",
                                    "x": 195,
                                    "y": 25
                                },
                                "labelDisabled": false,
                                "location": {
                                    "height": 97,
                                    "width": 390,
                                    "x": 0,
                                    "y": 97
                                },
                                "obscurity": [
                                    "left",
                                    "right"
                                ]
                            },
                            {
                                "data": {
                                    "font": "numberMedium",
                                    "justification": "center",
                                    "width": 239,
                                    "x": 195,
                                    "y": 89
                                },
                                "label": {
                                    "font": "xtiny",
                                    "justification": "center",
                                    "x": 195,
                                    "y": 24
                                },
                                "labelDisabled": false,
                                "location": {
                                    "height": 97,
                                    "width": 390,
                                    "x": 0,
                                    "y": 194
                                },
                                "obscurity": [
                                    "left",
                                    "right"
                                ]
                            },
                            {
                                "data": {
                                    "font": "numberMild",
                                    "justification": "center",
                                    "width": 193,
                                    "x": 195,
                                    "y": 80
                                },
                                "label": {
                                    "font": "xtiny",
                                    "justification": "center",
                                    "x": 195,
                                    "y": 24
                                },
                                "labelDisabled": false,
                                "location": {
                                    "height": 97,
                                    "width": 390,
                                    "x": 0,
                                    "y": 291
                                },
                                "obscurity": [
                                    "left",
                                    "right",
                                    "bottom"
                                ]
                            }
                        ],
                        "name": "4 Fields A"
                    },
                    {
                        "drawBorders": true,
                        "fields": [
                            {
                                "data": {
                                    "font": "numberMedium",
                                    "justification": "center",
                                    "width": 153,
                                    "x": 195,
                                    "y": 130
                                },
                                "label": {
                                    "font": "xtiny",
                                    "justification": "center",
                                    "x": 195,
                                    "y": 58
                                },
                                "labelDisabled": false,
                                "location": {
                                    "height": 139,
                                    "width": 390,
                                    "x": 0,
                                    "y": 0
                                },
                                "obscurity": [
                                    "left",
                                    "top",
                                    "right"
                                ]
                            },
                            {
                                "data": {
                                    "font": "numberMild",
                                    "justification": "center",
                                    "width": 197,
                                    "x": 101,
                                    "y": 90
                                },
                                "label": {
                                    "font": "xtiny",
                                    "justification": "center",
                                    "x": 104,
                                    "y": 31
                                },
                                "labelDisabled": false,
                                "location": {
                                    "height": 108,
                                    "width": 194,
                                    "x": 0,
                                    "y": 140
                                },
                                "obscurity": [
                                    "left"
                                ]
                            },
                            {
                                "data": {
                                    "font": "numberMild",
                                    "justification": "center",
                                    "width": 197,
                                    "x": 101,
                                    "y": 90
                                },
                                "label": {
                                    "font": "xtiny",
                                    "justification": "center",
                                    "x": 103,
                                    "y": 31
                                },
                                "labelDisabled": false,
                                "location": {
                                    "height": 108,
                                    "width": 194,
                                    "x": 195,
                                    "y": 140
                                },
                                "obscurity": [
                                    "right"
                                ]
                            },
                            {
                                "data": {
                                    "font": "numberMedium",
                                    "justification": "center",
                                    "width": 153,
                                    "x": 195,
                                    "y": 96
                                },
                                "label": {
                                    "font": "xtiny",
                                    "justification": "center",
                                    "x": 195,
                                    "y": 27
                                },
                                "labelDisabled": false,
                                "location": {
                                    "height": 139,
                                    "width": 390,
                                    "x": 0,
                                    "y": 251
                                },
                                "obscurity": [
                                    "left",
                                    "right",
                                    "bottom"
                                ]
                            }
                        ],
                        "name": "4 Fields B"
                    },
                    {
                        "drawBorders": true,
                        "fields": [
                            {
                                "data": {
                                    "font": "numberMild",
                                    "justification": "center",
                                    "width": 165,
                                    "x": 115,
                                    "y": 180
                                },
                                "label": {
                                    "font": "xtiny",
                                    "justification": "center",
                                    "x": 118,
                                    "y": 118
                                },
                                "labelDisabled": false,
                                "location": {
                                    "height": 194,
                                    "width": 194,
                                    "x": 0,
                                    "y": 0
                                },
                                "obscurity": [
                                    "left",
                                    "top"
                                ]
                            },
                            {
                                "data": {
                                    "font": "numberMild",
                                    "justification": "center",
                                    "width": 165,
                                    "x": 90,
                                    "y": 180
                                },
                                "label": {
                                    "font": "xtiny",
                                    "justification": "center",
                                    "x": 88,
                                    "y": 118
                                },
                                "labelDisabled": false,
                                "location": {
                                    "height": 194,
                                    "width": 194,
                                    "x": 195,
                                    "y": 0
                                },
                                "obscurity": [
                                    "top",
                                    "right"
                                ]
                            },
                            {
                                "data": {
                                    "font": "numberMild",
                                    "justification": "center",
                                    "width": 165,
                                    "x": 115,
                                    "y": 96
                                },
                                "label": {
                                    "font": "xtiny",
                                    "justification": "center",
                                    "x": 118,
                                    "y": 36
                                },
                                "labelDisabled": false,
                                "location": {
                                    "height": 194,
                                    "width": 194,
                                    "x": 0,
                                    "y": 195
                                },
                                "obscurity": [
                                    "left",
                                    "bottom"
                                ]
                            },
                            {
                                "data": {
                                    "font": "numberMild",
                                    "justification": "center",
                                    "width": 165,
                                    "x": 90,
                                    "y": 96
                                },
                                "label": {
                                    "font": "xtiny",
                                    "justification": "center",
                                    "x": 88,
                                    "y": 36
                                },
                                "labelDisabled": false,
                                "location": {
                                    "height": 194,
                                    "width": 194,
                                    "x": 195,
                                    "y": 195
                                },
                                "obscurity": [
                                    "right",
                                    "bottom"
                                ]
                            }
                        ],
                        "name": "4 Fields C"
                    },
                    {
                        "drawBorders": true,
                        "fields": [
                            {
                                "data": {
                                    "font": "numberMild",
                                    "justification": "center",
                                    "width": 193,
                                    "x": 195,
                                    "y": 80
                                },
                                "label": {
                                    "font": "xtiny",
                                    "justification": "center",
                                    "x": 195,
                                    "y": 24
                                },
                                "labelDisabled": false,
                                "location": {
                                    "height": 97,
                                    "width": 390,
                                    "x": 0,
                                    "y": 0
                                },
                                "obscurity": [
                                    "left",
                                    "top",
                                    "right"
                                ]
                            },
                            {
                                "data": {
                                    "font": "numberMedium",
                                    "justification": "center",
                                    "width": 239,
                                    "x": 195,
                                    "y": 89
                                },
                                "label": {
                                    "font": "xtiny",
                                    "justification": "center",
                                    "x": 195,
                                    "y": 26
                                },
                                "labelDisabled": false,
                                "location": {
                                    "height": 97,
                                    "width": 390,
                                    "x": 0,
                                    "y": 97
                                },
                                "obscurity": [
                                    "left",
                                    "right"
                                ]
                            },
                            {
                                "data": {
                                    "font": "numberMild",
                                    "justification": "center",
                                    "width": 164,
                                    "x": 115,
                                    "y": 80
                                },
                                "label": {
                                    "font": "xtiny",
                                    "justification": "center",
                                    "x": 115,
                                    "y": 24
                                },
                                "labelDisabled": false,
                                "location": {
                                    "height": 97,
                                    "width": 194,
                                    "x": 0,
                                    "y": 194
                                },
                                "obscurity": [
                                    "left"
                                ]
                            },
                            {
                                "data": {
                                    "font": "numberMild",
                                    "justification": "center",
                                    "width": 164,
                                    "x": 90,
                                    "y": 80
                                },
                                "label": {
                                    "font": "xtiny",
                                    "justification": "center",
                                    "x": 90,
                                    "y": 24
                                },
                                "labelDisabled": false,
                                "location": {
                                    "height": 97,
                                    "width": 194,
                                    "x": 195,
                                    "y": 194
                                },
                                "obscurity": [
                                    "right"
                                ]
                            },
                            {
                                "data": {
                                    "font": "numberMild",
                                    "justification": "center",
                                    "width": 193,
                                    "x": 195,
                                    "y": 76
                                },
                                "label": {
                                    "font": "xtiny",
                                    "justification": "center",
                                    "x": 195,
                                    "y": 24
                                },
                                "labelDisabled": false,
                                "location": {
                                    "height": 97,
                                    "width": 390,
                                    "x": 0,
                                    "y": 293
                                },
                                "obscurity": [
                                    "left",
                                    "right",
                                    "bottom"
                                ]
                            }
                        ],
                        "name": "5 Fields"
                    },
                    {
                        "drawBorders": true,
                        "fields": [
                            {
                                "data": {
                                    "font": "numberMild",
                                    "justification": "center",
                                    "width": 194,
                                    "x": 195,
                                    "y": 80
                                },
                                "label": {
                                    "font": "xtiny",
                                    "justification": "center",
                                    "x": 195,
                                    "y": 24
                                },
                                "labelDisabled": false,
                                "location": {
                                    "height": 97,
                                    "width": 390,
                                    "x": 0,
                                    "y": 0
                                },
                                "obscurity": [
                                    "left",
                                    "top",
                                    "right"
                                ]
                            },
                            {
                                "data": {
                                    "font": "numberMild",
                                    "justification": "center",
                                    "width": 164,
                                    "x": 115,
                                    "y": 80
                                },
                                "label": {
                                    "font": "xtiny",
                                    "justification": "center",
                                    "x": 115,
                                    "y": 24
                                },
                                "labelDisabled": false,
                                "location": {
                                    "height": 97,
                                    "width": 194,
                                    "x": 0,
                                    "y": 97
                                },
                                "obscurity": [
                                    "left"
                                ]
                            },
                            {
                                "data": {
                                    "font": "numberMild",
                                    "justification": "center",
                                    "width": 164,
                                    "x": 90,
                                    "y": 80
                                },
                                "label": {
                                    "font": "xtiny",
                                    "justification": "center",
                                    "x": 90,
                                    "y": 24
                                },
                                "labelDisabled": false,
                                "location": {
                                    "height": 97,
                                    "width": 194,
                                    "x": 195,
                                    "y": 97
                                },
                                "obscurity": [
                                    "right"
                                ]
                            },
                            {
                                "data": {
                                    "font": "numberMild",
                                    "justification": "center",
                                    "width": 164,
                                    "x": 115,
                                    "y": 80
                                },
                                "label": {
                                    "font": "xtiny",
                                    "justification": "center",
                                    "x": 115,
                                    "y": 24
                                },
                                "labelDisabled": false,
                                "location": {
                                    "height": 97,
                                    "width": 194,
                                    "x": 0,
                                    "y": 195
                                },
                                "obscurity": [
                                    "left"
                                ]
                            },
                            {
                                "data": {
                                    "font": "numberMild",
                                    "justification": "center",
                                    "width": 164,
                                    "x": 90,
                                    "y": 80
                                },
                                "label": {
                                    "font": "xtiny",
                                    "justification": "center",
                                    "x": 90,
                                    "y": 24
                                },
                                "labelDisabled": false,
                                "location": {
                                    "height": 97,
                                    "width": 194,
                                    "x": 195,
                                    "y": 195
                                },
                                "obscurity": [
                                    "right"
                                ]
                            },
                            {
                                "data": {
                                    "font": "numberMild",
                                    "justification": "center",
                                    "width": 194,
                                    "x": 195,
                                    "y": 80
                                },
                                "label": {
                                    "font": "xtiny",
                                    "justification": "center",
                                    "x": 195,
                                    "y": 24
                                },
                                "labelDisabled": false,
                                "location": {
                                    "height": 97,
                                    "width": 390,
                                    "x": 0,
                                    "y": 292
                                },
                                "obscurity": [
                                    "left",
                                    "right",
                                    "bottom"
                                ]
                            }
                        ],
                        "name": "6 Fields A"
                    },
                    {
                        "drawBorders": true,
                        "fields": [
                            {
                                "data": {
                                    "font": "numberMild",
                                    "justification": "center",
                                    "width": 194,
                                    "x": 195,
                                    "y": 100
                                },
                                "label": {
                                    "font": "xtiny",
                                    "justification": "center",
                                    "x": 195,
                                    "y": 24
                                },
                                "labelDisabled": false,
                                "location": {
                                    "height": 124,
                                    "width": 390,
                                    "x": 0,
                                    "y": 0
                                },
                                "obscurity": [
                                    "left",
                                    "top",
                                    "right"
                                ]
                            },
                            {
                                "data": {
                                    "font": "numberMild",
                                    "justification": "center",
                                    "width": 165,
                                    "x": 100,
                                    "y": 80
                                },
                                "label": {
                                    "font": "xtiny",
                                    "justification": "center",
                                    "x": 102,
                                    "y": 24
                                },
                                "labelDisabled": false,
                                "location": {
                                    "height": 101,
                                    "width": 242,
                                    "x": 148,
                                    "y": 125
                                },
                                "obscurity": [
                                    "right"
                                ]
                            },
                            {
                                "data": {
                                    "font": "numberMild",
                                    "justification": "center",
                                    "width": 165,
                                    "x": 100,
                                    "y": 80
                                },
                                "label": {
                                    "font": "xtiny",
                                    "justification": "center",
                                    "x": 102,
                                    "y": 24
                                },
                                "labelDisabled": false,
                                "location": {
                                    "height": 101,
                                    "width": 242,
                                    "x": 148,
                                    "y": 227
                                },
                                "obscurity": [
                                    "right"
                                ]
                            },
                            {
                                "data": {
                                    "font": "numberMild",
                                    "justification": "center",
                                    "width": 165,
                                    "x": 64,
                                    "y": 61
                                },
                                "labelDisabled": true,
                                "location": {
                                    "height": 82,
                                    "width": 129,
                                    "x": 0,
                                    "y": 140
                                },
                                "obscurity": [
                                    "left"
                                ]
                            },
                            {
                                "data": {
                                    "font": "numberMild",
                                    "justification": "center",
                                    "width": 165,
                                    "x": 64,
                                    "y": 61
                                },
                                "labelDisabled": true,
                                "location": {
                                    "height": 82,
                                    "width": 129,
                                    "x": 0,
                                    "y": 223
                                },
                                "obscurity": [
                                    "left"
                                ]
                            },
                            {
                                "data": {
                                    "font": "numberMild",
                                    "justification": "center",
                                    "width": 194,
                                    "x": 195,
                                    "y": 50
                                },
                                "labelDisabled": true,
                                "location": {
                                    "height": 68,
                                    "width": 390,
                                    "x": 0,
                                    "y": 320
                                },
                                "obscurity": [
                                    "left",
                                    "right",
                                    "bottom"
                                ]
                            }
                        ],
                        "name": "6 Fields B"
                    },
                    {
                        "drawBorders": true,
                        "fields": [
                            {
                                "data": {
                                    "font": "numberMild",
                                    "justification": "center",
                                    "width": 130,
                                    "x": 194,
                                    "y": 54
                                },
                                "labelDisabled": true,
                                "location": {
                                    "height": 68,
                                    "width": 390,
                                    "x": 0,
                                    "y": 0
                                },
                                "obscurity": [
                                    "left",
                                    "top",
                                    "right"
                                ]
                            },
                            {
                                "data": {
                                    "font": "numberMild",
                                    "justification": "center",
                                    "width": 111,
                                    "x": 115,
                                    "y": 70
                                },
                                "label": {
                                    "font": "xtiny",
                                    "justification": "center",
                                    "x": 115,
                                    "y": 24
                                },
                                "labelDisabled": false,
                                "location": {
                                    "height": 82,
                                    "width": 194,
                                    "x": 0,
                                    "y": 69
                                },
                                "obscurity": [
                                    "left"
                                ]
                            },
                            {
                                "data": {
                                    "font": "numberMild",
                                    "justification": "center",
                                    "width": 111,
                                    "x": 90,
                                    "y": 70
                                },
                                "label": {
                                    "font": "xtiny",
                                    "justification": "center",
                                    "x": 90,
                                    "y": 24
                                },
                                "labelDisabled": false,
                                "location": {
                                    "height": 82,
                                    "width": 194,
                                    "x": 195,
                                    "y": 69
                                },
                                "obscurity": [
                                    "right"
                                ]
                            },
                            {
                                "data": {
                                    "font": "numberMild",
                                    "justification": "center",
                                    "width": 111,
                                    "x": 195,
                                    "y": 61
                                },
                                "labelDisabled": true,
                                "location": {
                                    "height": 82,
                                    "width": 390,
                                    "x": 0,
                                    "y": 153
                                },
                                "obscurity": [
                                    "left",
                                    "right"
                                ]
                            },
                            {
                                "data": {
                                    "font": "numberMild",
                                    "justification": "center",
                                    "width": 130,
                                    "x": 115,
                                    "y": 70
                                },
                                "label": {
                                    "font": "xtiny",
                                    "justification": "center",
                                    "x": 115,
                                    "y": 24
                                },
                                "labelDisabled": false,
                                "location": {
                                    "height": 82,
                                    "width": 194,
                                    "x": 0,
                                    "y": 237
                                },
                                "obscurity": [
                                    "left"
                                ]
                            },
                            {
                                "data": {
                                    "font": "numberMild",
                                    "justification": "center",
                                    "width": 130,
                                    "x": 90,
                                    "y": 70
                                },
                                "label": {
                                    "font": "xtiny",
                                    "justification": "center",
                                    "x": 90,
                                    "y": 24
                                },
                                "labelDisabled": false,
                                "location": {
                                    "height": 82,
                                    "width": 194,
                                    "x": 195,
                                    "y": 237
                                },
                                "obscurity": [
                                    "right"
                                ]
                            },
                            {
                                "data": {
                                    "font": "numberMild",
                                    "justification": "center",
                                    "width": 130,
                                    "x": 195,
                                    "y": 50
                                },
                                "labelDisabled": true,
                                "location": {
                                    "height": 68,
                                    "width": 390,
                                    "x": 0,
                                    "y": 320
                                },
                                "obscurity": [
                                    "left",
                                    "right",
                                    "bottom"
                                ]
                            }
                        ],
                        "name": "7 Fields"
                    },
                    {
                        "drawBorders": true,
                        "fields": [
                            {
                                "data": {
                                    "font": "numberMild",
                                    "justification": "center",
                                    "width": 130,
                                    "x": 195,
                                    "y": 54
                                },
                                "labelDisabled": true,
                                "location": {
                                    "height": 68,
                                    "width": 390,
                                    "x": 0,
                                    "y": 0
                                },
                                "obscurity": [
                                    "left",
                                    "top",
                                    "right"
                                ]
                            },
                            {
                                "data": {
                                    "font": "numberMild",
                                    "justification": "center",
                                    "width": 111,
                                    "x": 115,
                                    "y": 70
                                },
                                "label": {
                                    "font": "xtiny",
                                    "justification": "center",
                                    "x": 115,
                                    "y": 24
                                },
                                "labelDisabled": false,
                                "location": {
                                    "height": 82,
                                    "width": 194,
                                    "x": 0,
                                    "y": 69
                                },
                                "obscurity": [
                                    "left"
                                ]
                            },
                            {
                                "data": {
                                    "font": "numberMild",
                                    "justification": "center",
                                    "width": 111,
                                    "x": 90,
                                    "y": 70
                                },
                                "label": {
                                    "font": "xtiny",
                                    "justification": "center",
                                    "x": 90,
                                    "y": 24
                                },
                                "labelDisabled": false,
                                "location": {
                                    "height": 82,
                                    "width": 194,
                                    "x": 195,
                                    "y": 69
                                },
                                "obscurity": [
                                    "right"
                                ]
                            },
                            {
                                "data": {
                                    "font": "numberMild",
                                    "justification": "center",
                                    "width": 111,
                                    "x": 115,
                                    "y": 70
                                },
                                "label": {
                                    "font": "xtiny",
                                    "justification": "center",
                                    "x": 115,
                                    "y": 24
                                },
                                "labelDisabled": false,
                                "location": {
                                    "height": 82,
                                    "width": 194,
                                    "x": 0,
                                    "y": 153
                                },
                                "obscurity": [
                                    "left"
                                ]
                            },
                            {
                                "data": {
                                    "font": "numberMild",
                                    "justification": "center",
                                    "width": 111,
                                    "x": 90,
                                    "y": 70
                                },
                                "label": {
                                    "font": "xtiny",
                                    "justification": "center",
                                    "x": 90,
                                    "y": 24
                                },
                                "labelDisabled": false,
                                "location": {
                                    "height": 82,
                                    "width": 194,
                                    "x": 195,
                                    "y": 153
                                },
                                "obscurity": [
                                    "right"
                                ]
                            },
                            {
                                "data": {
                                    "font": "numberMild",
                                    "justification": "center",
                                    "width": 130,
                                    "x": 115,
                                    "y": 70
                                },
                                "label": {
                                    "font": "xtiny",
                                    "justification": "center",
                                    "x": 115,
                                    "y": 24
                                },
                                "labelDisabled": false,
                                "location": {
                                    "height": 82,
                                    "width": 194,
                                    "x": 0,
                                    "y": 237
                                },
                                "obscurity": [
                                    "left"
                                ]
                            },
                            {
                                "data": {
                                    "font": "numberMild",
                                    "justification": "center",
                                    "width": 130,
                                    "x": 90,
                                    "y": 70
                                },
                                "label": {
                                    "font": "xtiny",
                                    "justification": "center",
                                    "x": 90,
                                    "y": 24
                                },
                                "labelDisabled": false,
                                "location": {
                                    "height": 82,
                                    "width": 194,
                                    "x": 195,
                                    "y": 237
                                },
                                "obscurity": [
                                    "right"
                                ]
                            },
                            {
                                "data": {
                                    "font": "numberMild",
                                    "justification": "center",
                                    "width": 130,
                                    "x": 195,
                                    "y": 50
                                },
                                "labelDisabled": true,
                                "location": {
                                    "height": 68,
                                    "width": 390,
                                    "x": 0,
                                    "y": 320
                                },
                                "obscurity": [
                                    "left",
                                    "right",
                                    "bottom"
                                ]
                            }
                        ],
                        "name": "8 Fields"
                    }
                ]
            },
            "map": [
                {
                    "file": "map_pointer.png",
                    "id": "centerPointer",
                    "x": 158,
                    "y": 158
                },
                {
                    "file": "navigation_pointer.png",
                    "id": "navigationPointer",
                    "x": 168,
                    "y": 162
                },
                {
                    "file": "map_pan_down.png",
                    "id": "panDown",
                    "x": 35,
                    "y": 280
                },
                {
                    "file": "map_pan_left.png",
                    "id": "panLeft",
                    "x": 5,
                    "y": 183
                },
                {
                    "file": "map_pan_right.png",
                    "id": "panRight",
                    "x": 35,
                    "y": 280
                },
                {
                    "file": "map_pan_up.png",
                    "id": "panUp",
                    "x": 5,
                    "y": 183
                },
                {
                    "file": "map_toggle_option_1.png",
                    "id": "toggleOption1",
                    "x": 341,
                    "y": 80
                },
                {
                    "file": "map_toggle_option_2.png",
                    "id": "toggleOption2",
                    "x": 341,
                    "y": 80
                },
                {
                    "file": "map_toggle_option_3.png",
                    "id": "toggleOption3",
                    "x": 341,
                    "y": 80
                },
                {
                    "file": "map_zoom_in.png",
                    "id": "zoomIn",
                    "x": 5,
                    "y": 183
                },
                {
                    "file": "map_zoom_out.png",
                    "id": "zoomOut",
                    "x": 35,
                    "y": 280
                }
            ],
            "menu2": {
                "customTitle": {
                    "height": 87,
                    "width": 211,
                    "x": 90,
                    "y": 24
                },
                "doneButtons": {
                    "bottom": true,
                    "top": true
                },
                "focusArrowPoints": [
                    {
                        "x": 20,
                        "y": 0
                    },
                    {
                        "x": 23,
                        "y": 0
                    },
                    {
                        "x": 23,
                        "y": 84
                    },
                    {
                        "x": 20,
                        "y": 84
                    },
                    {
                        "x": 20,
                        "y": 0
                    }
                ],
                "items": {
                    "checks": [
                        {
                            "alignment": "left",
                            "disabledIconFile": "menu2_check_off.png",
                            "enabledIconFile": "menu2_check_on.png",
                            "x": 1,
                            "y": 27
                        },
                        {
                            "alignment": "right",
                            "disabledIconFile": "menu2_check_off.png",
                            "enabledIconFile": "menu2_check_on.png",
                            "x": 280,
                            "y": 27
                        }
                    ],
                    "divider": 2,
                    "icons": {
                        "check": "left",
                        "icon": "left",
                        "leftLocation": {
                            "height": 80,
                            "width": 60,
                            "x": 15,
                            "y": 20
                        },
                        "rightLocation": {
                            "height": 80,
                            "width": 60,
                            "x": 277,
                            "y": 20
                        },
                        "toggle": "right"
                    },
                    "item": {
                        "height": 115,
                        "labelFont": "small",
                        "subLabelFont": "tiny",
                        "width": 390,
                        "xOffset": 34,
                        "xOffsetItem": 34
                    },
                    "region": {
                        "height": 115,
                        "width": 390,
                        "x": 0,
                        "y": 0
                    },
                    "stringWidths": {
                        "basic": 348,
                        "check": 198,
                        "icon": 186,
                        "toggle": 280
                    },
                    "subItem": {
                        "height": 60,
                        "labelFont": "tiny",
                        "labelWidth": 208,
                        "yOffset": 2
                    },
                    "toggles": [
                        {
                            "alignment": "left",
                            "disabledIconFile": "menu2_toggle_off.png",
                            "enabledIconFile": "menu2_toggle_on.png",
                            "x": 1,
                            "y": 20
                        },
                        {
                            "alignment": "right",
                            "disabledIconFile": "menu2_toggle_off.png",
                            "enabledIconFile": "menu2_toggle_on.png",
                            "x": 304,
                            "y": 20
                        }
                    ]
                },
                "mode": "touchButton",
                "title": {
                    "height": 117,
                    "width": 390,
                    "x": 0,
                    "y": 0
                },
                "titleString": {
                    "font": "tiny",
                    "width": 200,
                    "x": 195,
                    "y": 63
                }
            },
            "orientation": "portrait",
            "pageIndicator": {
                "colors": {
                    "background": "FFFFFF",
                    "outline": "FFFFFF",
                    "selected": "000000"
                },
                "location": "left",
                "timeout": 5000,
                "type": "arc"
            },
            "picker": {
                "entries": [
                    {
                        "height": 163,
                        "width": 103,
                        "x": 19,
                        "y": 168
                    },
                    {
                        "height": 163,
                        "width": 103,
                        "x": 143,
                        "y": 168
                    },
                    {
                        "height": 163,
                        "width": 103,
                        "x": 267,
                        "y": 168
                    }
                ],
                "nextArrow": {
                    "display_size": {
                        "height": 14,
                        "width": 26
                    },
                    "height": 54,
                    "width": 107,
                    "x": 141,
                    "y": 112
                },
                "previousArrow": {
                    "display_size": {
                        "height": 14,
                        "width": 16
                    },
                    "height": 54,
                    "width": 107,
                    "x": 141,
                    "y": 333
                },
                "showConfirm": true,
                "title": {
                    "height": 110,
                    "width": 286,
                    "x": 52,
                    "y": 0
                }
            },
            "toast": {
                "autoDismissTime": 8000,
                "height": 88,
                "icon": {
                    "height": 40,
                    "width": 40,
                    "x": 195,
                    "y": 29
                },
                "text": {
                    "firstLine": 0,
                    "font": "small",
                    "height": 129,
                    "lineCount": 1,
                    "shortenWithEllipsis": true,
                    "staticJustification": 5,
                    "width": 326,
                    "x": 32,
                    "y": 62
                },
                "type": "partial"
            }
        }
    ],
    "ppi": 325,
    "redshiftSupport": true,
    "screenProtectionSupport": true,
    "sensorHistory": [
        {
            "interval": 60,
            "size": 360,
            "type": "heartrate"
        },
        {
            "interval": 120,
            "size": 180,
            "type": "elevation"
        },
        {
            "interval": 120,
            "size": 180,
            "type": "temperature"
        },
        {
            "interval": 120,
            "size": 180,
            "type": "pressure"
        },
        {
            "interval": 3600,
            "size": 192,
            "type": "pulseox"
        }
    ],
    "sensorSampleRate": {
        "highFrequencyRate": true,
        "maxAccelRate": 100,
        "maxGyroRate": 100,
        "maxMagRate": 50
    },
    "solarChargingSupport": true,
    "watchdogCount": 240000,
    "wifiExclusions": [
        "normal"
    ]
}