{
    "appStorageCapacity": 131072,
    "constellationConfiguration": [
        {
            "configuration": [
                "GPS L1",
                "GALILEO L1",
                "GLONASS"
            ],
            "name": "World Wide"
        },
        {
            "configuration": [
                "GPS L1",
                "GLONASS",
                "BEIDOU L1"
            ],
            "name": "APAC"
        }
    ],
    "display": {
        "behaviors": [],
        "isTouch": false,
        "landscapeOrientation": 0,
        "location": {
            "height": 208,
            "width": 208,
            "x": 94,
            "y": 152
        },
        "shape": "round"
    },
    "fonts": [
        {
            "fontSet": "ww",
            "fonts": [
                {
                    "filename": "FNT_006B386900_CDPG_ROBOTO_13B",
                    "name": "xtiny"
                },
                {
                    "filename": "FNT_006B386900_CDPG_ROBOTO_15B",
                    "name": "tiny"
                },
                {
                    "filename": "FNT_006B386900_CDPG_ROBOTO_17B",
                    "name": "small"
                },
                {
                    "filename": "FNT_006B386900_CDPG_ROBOTO_20B",
                    "name": "medium"
                },
                {
                    "filename": "FNT_006B386900_CDPG_ROBOTO_20B",
                    "name": "large"
                },
                {
                    "filename": "FNT_006B386900_ROBOTO_BLACK_NUMBER_FONT_20",
                    "name": "numberMild"
                },
                {
                    "filename": "FNT_006B386900_ROBOTO_BLACK_NUMBER_FONT_44",
                    "name": "numberMedium"
                },
                {
                    "filename": "FNT_006B386900_ROBOTO_BLACK_NUMBER_FONT_50",
                    "name": "numberHot"
                },
                {
                    "filename": "FNT_006B386900_ROBOTO_BLACK_NUMBER_FONT_50",
                    "name": "numberThaiHot"
                },
                {
                    "filename": "FNT_006B386900_ROBOTO_BC_NUMBER_FONT_15",
                    "name": "simExtNumber1"
                },
                {
                    "filename": "FNT_006B386900_ROBOTO_BC_NUMBER_FONT_29",
                    "name": "simExtNumber2"
                },
                {
                    "filename": "FNT_006B386900_ROBOTO_BC_NUMBER_FONT_36",
                    "name": "simExtNumber3"
                },
                {
                    "filename": "FNT_006B386900_ROBOTO_BC_NUMBER_FONT_40",
                    "name": "simExtNumber4"
                }
            ]
        },
        {
            "fontSet": "apac_chn",
            "fonts": [
                {
                    "filename": "FNT_NOTO_SANS_SC_BOLD_94_CHN_16",
                    "name": "xtiny"
                },
                {
                    "filename": "FNT_NOTO_SANS_SC_BOLD_94_CHN_18",
                    "name": "tiny"
                },
                {
                    "filename": "FNT_NOTO_SANS_SC_BOLD_94_CHN_22",
                    "name": "small"
                },
                {
                    "filename": "FNT_NOTO_SANS_SC_BOLD_94_CHN_26",
                    "name": "medium"
                },
                {
                    "filename": "FNT_NOTO_SANS_SC_BOLD_94_CHN_26",
                    "name": "large"
                },
                {
                    "filename": "FNT_006B386900_ROBOTO_BLACK_NUMBER_FONT_20",
                    "name": "numberMild"
                },
                {
                    "filename": "FNT_006B386900_ROBOTO_BLACK_NUMBER_FONT_44",
                    "name": "numberMedium"
                },
                {
                    "filename": "FNT_006B386900_ROBOTO_BLACK_NUMBER_FONT_50",
                    "name": "numberHot"
                },
                {
                    "filename": "FNT_006B386900_ROBOTO_BLACK_NUMBER_FONT_50",
                    "name": "numberThaiHot"
                },
                {
                    "filename": "FNT_006B386900_ROBOTO_BC_NUMBER_FONT_15",
                    "name": "simExtNumber1"
                },
                {
                    "filename": "FNT_006B386900_ROBOTO_BC_NUMBER_FONT_29",
                    "name": "simExtNumber2"
                },
                {
                    "filename": "FNT_006B386900_ROBOTO_BC_NUMBER_FONT_36",
                    "name": "simExtNumber3"
                },
                {
                    "filename": "FNT_006B386900_ROBOTO_BC_NUMBER_FONT_40",
                    "name": "simExtNumber4"
                }
            ]
        },
        {
            "fontSet": "apac_twn",
            "fonts": [
                {
                    "filename": "FNT_NOTO_SANS_SC_BOLD_94_CHN_16",
                    "name": "xtiny"
                },
                {
                    "filename": "FNT_NOTO_SANS_SC_BOLD_94_CHN_18",
                    "name": "tiny"
                },
                {
                    "filename": "FNT_NOTO_SANS_SC_BOLD_94_CHN_22",
                    "name": "small"
                },
                {
                    "filename": "FNT_NOTO_SANS_SC_BOLD_94_CHN_26",
                    "name": "medium"
                },
                {
                    "filename": "FNT_NOTO_SANS_SC_BOLD_94_CHN_26",
                    "name": "large"
                },
                {
                    "filename": "FNT_006B386900_ROBOTO_BLACK_NUMBER_FONT_20",
                    "name": "numberMild"
                },
                {
                    "filename": "FNT_006B386900_ROBOTO_BLACK_NUMBER_FONT_44",
                    "name": "numberMedium"
                },
                {
                    "filename": "FNT_006B386900_ROBOTO_BLACK_NUMBER_FONT_50",
                    "name": "numberHot"
                },
                {
                    "filename": "FNT_006B386900_ROBOTO_BLACK_NUMBER_FONT_50",
                    "name": "numberThaiHot"
                },
                {
                    "filename": "FNT_006B386900_ROBOTO_BC_NUMBER_FONT_15",
                    "name": "simExtNumber1"
                },
                {
                    "filename": "FNT_006B386900_ROBOTO_BC_NUMBER_FONT_29",
                    "name": "simExtNumber2"
                },
                {
                    "filename": "FNT_006B386900_ROBOTO_BC_NUMBER_FONT_36",
                    "name": "simExtNumber3"
                },
                {
                    "filename": "FNT_006B386900_ROBOTO_BC_NUMBER_FONT_40",
                    "name": "simExtNumber4"
                }
            ]
        },
        {
            "fontSet": "apac_jpn",
            "fonts": [
                {
                    "filename": "FNT_KOSUGI_REGULAR-94_JPN_16B",
                    "name": "xtiny"
                },
                {
                    "filename": "FNT_KOSUGI_REGULAR-94_JPN_18B",
                    "name": "tiny"
                },
                {
                    "filename": "FNT_KOSUGI_REGULAR-94_JPN_22B",
                    "name": "small"
                },
                {
                    "filename": "FNT_KOSUGI_REGULAR-94_JPN_26B",
                    "name": "medium"
                },
                {
                    "filename": "FNT_KOSUGI_REGULAR-94_JPN_26B",
                    "name": "large"
                },
                {
                    "filename": "FNT_006B386900_ROBOTO_BLACK_NUMBER_FONT_20",
                    "name": "numberMild"
                },
                {
                    "filename": "FNT_006B386900_ROBOTO_BLACK_NUMBER_FONT_44",
                    "name": "numberMedium"
                },
                {
                    "filename": "FNT_006B386900_ROBOTO_BLACK_NUMBER_FONT_50",
                    "name": "numberHot"
                },
                {
                    "filename": "FNT_006B386900_ROBOTO_BLACK_NUMBER_FONT_50",
                    "name": "numberThaiHot"
                },
                {
                    "filename": "FNT_006B386900_ROBOTO_BC_NUMBER_FONT_15",
                    "name": "simExtNumber1"
                },
                {
                    "filename": "FNT_006B386900_ROBOTO_BC_NUMBER_FONT_29",
                    "name": "simExtNumber2"
                },
                {
                    "filename": "FNT_006B386900_ROBOTO_BC_NUMBER_FONT_36",
                    "name": "simExtNumber3"
                },
                {
                    "filename": "FNT_006B386900_ROBOTO_BC_NUMBER_FONT_40",
                    "name": "simExtNumber4"
                }
            ]
        },
        {
            "fontSet": "apac_kor",
            "fonts": [
                {
                    "filename": "FNT_NANUM_GOTHIC_BOLD_KOR_16B",
                    "name": "xtiny"
                },
                {
                    "filename": "FNT_NANUM_GOTHIC_BOLD_KOR_18B",
                    "name": "tiny"
                },
                {
                    "filename": "FNT_NANUM_GOTHIC_BOLD_KOR_22B",
                    "name": "small"
                },
                {
                    "filename": "FNT_NANUM_GOTHIC_BOLD_KOR_26B",
                    "name": "medium"
                },
                {
                    "filename": "FNT_NANUM_GOTHIC_BOLD_KOR_26B",
                    "name": "large"
                },
                {
                    "filename": "FNT_006B386900_ROBOTO_BLACK_NUMBER_FONT_20",
                    "name": "numberMild"
                },
                {
                    "filename": "FNT_006B386900_ROBOTO_BLACK_NUMBER_FONT_44",
                    "name": "numberMedium"
                },
                {
                    "filename": "FNT_006B386900_ROBOTO_BLACK_NUMBER_FONT_50",
                    "name": "numberHot"
                },
                {
                    "filename": "FNT_006B386900_ROBOTO_BLACK_NUMBER_FONT_50",
                    "name": "numberThaiHot"
                },
                {
                    "filename": "FNT_006B386900_ROBOTO_BC_NUMBER_FONT_15",
                    "name": "simExtNumber1"
                },
                {
                    "filename": "FNT_006B386900_ROBOTO_BC_NUMBER_FONT_29",
                    "name": "simExtNumber2"
                },
                {
                    "filename": "FNT_006B386900_ROBOTO_BC_NUMBER_FONT_36",
                    "name": "simExtNumber3"
                },
                {
                    "filename": "FNT_006B386900_ROBOTO_BC_NUMBER_FONT_40",
                    "name": "simExtNumber4"
                }
            ]
        },
        {
            "fontSet": "apac_tha",
            "fonts": [
                {
                    "filename": "FNT_006B386900_CDPG_ROBOTO_13B",
                    "name": "xtiny"
                },
                {
                    "filename": "FNT_006B386900_CDPG_ROBOTO_15B",
                    "name": "tiny"
                },
                {
                    "filename": "FNT_006B386900_CDPG_ROBOTO_17B",
                    "name": "small"
                },
                {
                    "filename": "FNT_006B386900_CDPG_ROBOTO_20B",
                    "name": "medium"
                },
                {
                    "filename": "FNT_006B386900_CDPG_ROBOTO_20B",
                    "name": "large"
                },
                {
                    "filename": "FNT_006B386900_ROBOTO_BLACK_NUMBER_FONT_20",
                    "name": "numberMild"
                },
                {
                    "filename": "FNT_006B386900_ROBOTO_BLACK_NUMBER_FONT_44",
                    "name": "numberMedium"
                },
                {
                    "filename": "FNT_006B386900_ROBOTO_BLACK_NUMBER_FONT_50",
                    "name": "numberHot"
                },
                {
                    "filename": "FNT_006B386900_ROBOTO_BLACK_NUMBER_FONT_50",
                    "name": "numberThaiHot"
                },
                {
                    "filename": "FNT_006B386900_ROBOTO_BC_NUMBER_FONT_15",
                    "name": "simExtNumber1"
                },
                {
                    "filename": "FNT_006B386900_ROBOTO_BC_NUMBER_FONT_29",
                    "name": "simExtNumber2"
                },
                {
                    "filename": "FNT_006B386900_ROBOTO_BC_NUMBER_FONT_36",
                    "name": "simExtNumber3"
                },
                {
                    "filename": "FNT_006B386900_ROBOTO_BC_NUMBER_FONT_40",
                    "name": "simExtNumber4"
                }
            ]
        },
        {
            "fontSet": "apac_vie",
            "fonts": [
                {
                    "filename": "FNT_ROBOTO_CONDENSED_BOLD_19B",
                    "name": "xtiny"
                },
                {
                    "filename": "FNT_ROBOTO_CONDENSED_BOLD_19B",
                    "name": "tiny"
                },
                {
                    "filename": "FNT_ROBOTO_CONDENSED_BOLD_22B",
                    "name": "small"
                },
                {
                    "filename": "FNT_ROBOTO_CONDENSED_BOLD_26B",
                    "name": "medium"
                },
                {
                    "filename": "FNT_ROBOTO_CONDENSED_BOLD_32B",
                    "name": "large"
                },
                {
                    "filename": "FNT_006B386900_ROBOTO_BLACK_NUMBER_FONT_20",
                    "name": "numberMild"
                },
                {
                    "filename": "FNT_006B386900_ROBOTO_BLACK_NUMBER_FONT_44",
                    "name": "numberMedium"
                },
                {
                    "filename": "FNT_006B386900_ROBOTO_BLACK_NUMBER_FONT_50",
                    "name": "numberHot"
                },
                {
                    "filename": "FNT_006B386900_ROBOTO_BLACK_NUMBER_FONT_50",
                    "name": "numberThaiHot"
                },
                {
                    "filename": "FNT_006B386900_ROBOTO_BC_NUMBER_FONT_15",
                    "name": "simExtNumber1"
                },
                {
                    "filename": "FNT_006B386900_ROBOTO_BC_NUMBER_FONT_29",
                    "name": "simExtNumber2"
                },
                {
                    "filename": "FNT_006B386900_ROBOTO_BC_NUMBER_FONT_36",
                    "name": "simExtNumber3"
                },
                {
                    "filename": "FNT_006B386900_ROBOTO_BC_NUMBER_FONT_40",
                    "name": "simExtNumber4"
                }
            ]
        }
    ],
    "glance": {
        "contentArea": {
            "height": 75,
            "width": 144,
            "x": 64,
            "y": 0
        },
        "iconArea": {
            "height": 35,
            "width": 35,
            "x": 19,
            "y": 17
        },
        "liveUpdates": false
    },
    "image": "fr55.png",
    "keys": [
        {
            "behavior": "onSelect",
            "id": "enter",
            "location": {
                "height": 50,
                "width": 40,
                "x": 324,
                "y": 148
            }
        },
        {
            "behavior": "previousPage",
            "id": "up",
            "location": {
                "height": 51,
                "width": 39,
                "x": 13,
                "y": 232
            }
        },
        {
            "behavior": "onMenu",
            "id": "menu",
            "isHold": true,
            "location": {
                "height": 51,
                "width": 39,
                "x": 13,
                "y": 232
            }
        },
        {
            "behavior": "nextPage",
            "id": "down",
            "location": {
                "height": 50,
                "width": 40,
                "x": 35,
                "y": 314
            }
        },
        {
            "behavior": "onBack",
            "id": "esc",
            "location": {
                "height": 50,
                "width": 40,
                "x": 324,
                "y": 314
            }
        }
    ],
    "layouts": [
        {
            "actionMenu": {
                "area": {
                    "height": 208,
                    "width": 105,
                    "x": 103,
                    "y": 0
                },
                "borderWidth": 2,
                "entries": [
                    {
                        "alignment": "left",
                        "height": 16,
                        "selection": false,
                        "textPadding": 0,
                        "x": 10,
                        "y": 23
                    },
                    {
                        "alignment": "left",
                        "height": 16,
                        "selection": false,
                        "textPadding": 0,
                        "x": 10,
                        "y": 56
                    },
                    {
                        "alignment": "left",
                        "height": 16,
                        "selection": true,
                        "textPadding": 0,
                        "x": 10,
                        "y": 89
                    },
                    {
                        "alignment": "left",
                        "height": 16,
                        "selection": false,
                        "textPadding": 0,
                        "x": 10,
                        "y": 122
                    },
                    {
                        "alignment": "left",
                        "height": 16,
                        "selection": false,
                        "textPadding": 0,
                        "x": 10,
                        "y": 154
                    }
                ],
                "expands": false,
                "selectionDisplay": {
                    "height": 34,
                    "width": 3,
                    "x": 4,
                    "y": 82
                },
                "type": "partial"
            },
            "datafields": {
                "datafields": [
                    {
                        "drawBorders": true,
                        "fields": [
                            {
                                "data": {
                                    "font": "simExtNumber4",
                                    "justification": "center",
                                    "width": 208,
                                    "x": 98,
                                    "y": 133
                                },
                                "label": {
                                    "font": "xtiny",
                                    "justification": "center",
                                    "x": 104,
                                    "y": 64
                                },
                                "labelDisabled": false,
                                "location": {
                                    "height": 208,
                                    "width": 208,
                                    "x": 0,
                                    "y": 0
                                },
                                "obscurity": [
                                    "left",
                                    "top",
                                    "right",
                                    "bottom"
                                ]
                            }
                        ],
                        "name": "1 Field"
                    },
                    {
                        "drawBorders": true,
                        "fields": [
                            {
                                "data": {
                                    "font": "simExtNumber4",
                                    "justification": "center",
                                    "width": 154,
                                    "x": 104,
                                    "y": 97
                                },
                                "label": {
                                    "font": "xtiny",
                                    "justification": "center",
                                    "x": 104,
                                    "y": 47
                                },
                                "labelDisabled": false,
                                "location": {
                                    "height": 103,
                                    "width": 208,
                                    "x": 0,
                                    "y": 0
                                },
                                "obscurity": [
                                    "left",
                                    "top",
                                    "right"
                                ]
                            },
                            {
                                "data": {
                                    "font": "simExtNumber4",
                                    "justification": "center",
                                    "width": 154,
                                    "x": 104,
                                    "y": 66
                                },
                                "label": {
                                    "font": "xtiny",
                                    "justification": "center",
                                    "x": 104,
                                    "y": 20
                                },
                                "labelDisabled": false,
                                "location": {
                                    "height": 103,
                                    "width": 208,
                                    "x": 0,
                                    "y": 105
                                },
                                "obscurity": [
                                    "left",
                                    "right",
                                    "bottom"
                                ]
                            }
                        ],
                        "name": "2 Fields"
                    },
                    {
                        "drawBorders": true,
                        "fields": [
                            {
                                "data": {
                                    "font": "simExtNumber4",
                                    "justification": "center",
                                    "width": 132,
                                    "x": 104,
                                    "y": 62
                                },
                                "labelDisabled": true,
                                "location": {
                                    "height": 68,
                                    "width": 208,
                                    "x": 0,
                                    "y": 0
                                },
                                "obscurity": [
                                    "left",
                                    "top",
                                    "right"
                                ]
                            },
                            {
                                "data": {
                                    "font": "simExtNumber4",
                                    "justification": "center",
                                    "width": 165,
                                    "x": 104,
                                    "y": 52
                                },
                                "labelDisabled": true,
                                "location": {
                                    "height": 68,
                                    "width": 208,
                                    "x": 0,
                                    "y": 70
                                },
                                "obscurity": [
                                    "left",
                                    "right"
                                ]
                            },
                            {
                                "data": {
                                    "font": "simExtNumber4",
                                    "justification": "center",
                                    "width": 132,
                                    "x": 104,
                                    "y": 46
                                },
                                "labelDisabled": true,
                                "location": {
                                    "height": 68,
                                    "width": 208,
                                    "x": 0,
                                    "y": 140
                                },
                                "obscurity": [
                                    "left",
                                    "right",
                                    "bottom"
                                ]
                            }
                        ],
                        "name": "3 Fields A"
                    },
                    {
                        "drawBorders": true,
                        "fields": [
                            {
                                "data": {
                                    "font": "simExtNumber2",
                                    "justification": "center",
                                    "width": 132,
                                    "x": 104,
                                    "y": 65
                                },
                                "label": {
                                    "font": "xtiny",
                                    "justification": "center",
                                    "x": 104,
                                    "y": 30
                                },
                                "labelDisabled": false,
                                "location": {
                                    "height": 68,
                                    "width": 208,
                                    "x": 0,
                                    "y": 0
                                },
                                "obscurity": [
                                    "left",
                                    "top",
                                    "right"
                                ]
                            },
                            {
                                "data": {
                                    "font": "simExtNumber4",
                                    "justification": "center",
                                    "width": 165,
                                    "x": 104,
                                    "y": 63
                                },
                                "label": {
                                    "font": "xtiny",
                                    "justification": "center",
                                    "x": 104,
                                    "y": 16
                                },
                                "labelDisabled": false,
                                "location": {
                                    "height": 68,
                                    "width": 208,
                                    "x": 0,
                                    "y": 70
                                },
                                "obscurity": [
                                    "left",
                                    "right"
                                ]
                            },
                            {
                                "data": {
                                    "font": "simExtNumber2",
                                    "justification": "center",
                                    "width": 132,
                                    "x": 104,
                                    "y": 53
                                },
                                "label": {
                                    "font": "xtiny",
                                    "justification": "center",
                                    "x": 104,
                                    "y": 20
                                },
                                "labelDisabled": false,
                                "location": {
                                    "height": 68,
                                    "width": 208,
                                    "x": 0,
                                    "y": 140
                                },
                                "obscurity": [
                                    "left",
                                    "right",
                                    "bottom"
                                ]
                            }
                        ],
                        "name": "3 Fields B"
                    },
                    {
                        "drawBorders": true,
                        "fields": [
                            {
                                "data": {
                                    "font": "simExtNumber4",
                                    "justification": "center",
                                    "width": 132,
                                    "x": 104,
                                    "y": 64
                                },
                                "labelDisabled": true,
                                "location": {
                                    "height": 74,
                                    "width": 208,
                                    "x": 0,
                                    "y": 0
                                },
                                "obscurity": [
                                    "left",
                                    "top",
                                    "right"
                                ]
                            },
                            {
                                "data": {
                                    "font": "simExtNumber3",
                                    "justification": "center",
                                    "width": 99,
                                    "x": 52,
                                    "y": 59
                                },
                                "label": {
                                    "font": "xtiny",
                                    "justification": "center",
                                    "x": 52,
                                    "y": 20
                                },
                                "labelDisabled": false,
                                "location": {
                                    "height": 61,
                                    "width": 103,
                                    "x": 0,
                                    "y": 76
                                },
                                "obscurity": [
                                    "left"
                                ]
                            },
                            {
                                "data": {
                                    "font": "simExtNumber3",
                                    "justification": "center",
                                    "width": 99,
                                    "x": 52,
                                    "y": 59
                                },
                                "label": {
                                    "font": "xtiny",
                                    "justification": "center",
                                    "x": 52,
                                    "y": 20
                                },
                                "labelDisabled": false,
                                "location": {
                                    "height": 61,
                                    "width": 103,
                                    "x": 105,
                                    "y": 76
                                },
                                "obscurity": [
                                    "right"
                                ]
                            },
                            {
                                "data": {
                                    "font": "simExtNumber4",
                                    "justification": "center",
                                    "width": 132,
                                    "x": 104,
                                    "y": 51
                                },
                                "labelDisabled": true,
                                "location": {
                                    "height": 68,
                                    "width": 208,
                                    "x": 0,
                                    "y": 139
                                },
                                "obscurity": [
                                    "left",
                                    "right",
                                    "bottom"
                                ]
                            }
                        ],
                        "name": "4 Fields A"
                    }
                ]
            },
            "menu2": {
                "customTitle": {
                    "height": 60,
                    "width": 114,
                    "x": 50,
                    "y": 1
                },
                "doneButtons": {
                    "bottom": true
                },
                "items": {
                    "checks": [
                        {
                            "alignment": "left",
                            "disabledIconFile": "menu2_check_off_vva4.png",
                            "enabledIconFile": "menu2_check_on_vva4.png",
                            "x": 11,
                            "y": 24
                        },
                        {
                            "alignment": "right",
                            "disabledIconFile": "menu2_check_off_vva4.png",
                            "enabledIconFile": "menu2_check_on_vva4.png",
                            "x": 157,
                            "y": 24
                        }
                    ],
                    "icons": {
                        "check": "left",
                        "icon": "left",
                        "leftLocation": {
                            "height": 88,
                            "width": 35,
                            "x": 7,
                            "y": 0
                        },
                        "rightLocation": {
                            "height": 88,
                            "width": 35,
                            "x": 166,
                            "y": 0
                        },
                        "toggle": "right"
                    },
                    "item": {
                        "height": 88,
                        "labelFont": "large",
                        "subLabelFont": "tiny",
                        "width": 208
                    },
                    "region": {
                        "height": 88,
                        "width": 208,
                        "x": 0,
                        "y": 61
                    },
                    "stringWidths": {
                        "basic": 208,
                        "check": 157,
                        "icon": 100,
                        "toggle": 181
                    },
                    "subItem": {
                        "height": 51,
                        "labelFont": "tiny",
                        "labelWidth": 178,
                        "yOffset": 2
                    },
                    "toggles": [
                        {
                            "alignment": "left",
                            "disabledIconFile": "menu2_toggle_off_left_208x208.png",
                            "enabledIconFile": "menu2_toggle_on_left_208x208.png",
                            "x": 5,
                            "y": 1
                        },
                        {
                            "alignment": "right",
                            "disabledIconFile": "menu2_toggle_off_right_208x208.png",
                            "enabledIconFile": "menu2_toggle_on_right_208x208.png",
                            "x": 187,
                            "y": 1
                        }
                    ]
                },
                "mode": "threeItem",
                "title": {
                    "height": 60,
                    "width": 208,
                    "x": 0,
                    "y": 0
                },
                "titleString": {
                    "font": "medium",
                    "width": 120,
                    "x": 105,
                    "y": 40
                }
            },
            "orientation": "portrait",
            "pageIndicator": {
                "colors": {
                    "background": "FFFFFF",
                    "outline": "FFFFFF",
                    "selected": "000000"
                },
                "location": "left",
                "timeout": 5000,
                "type": "arc"
            },
            "picker": {
                "entries": [
                    {
                        "height": 1,
                        "width": 1,
                        "x": 0,
                        "y": 0
                    },
                    {
                        "height": 79,
                        "width": 146,
                        "x": 31,
                        "y": 99
                    },
                    {
                        "height": 1,
                        "width": 1,
                        "x": 0,
                        "y": 0
                    }
                ],
                "nextArrow": {
                    "height": 7,
                    "width": 14,
                    "x": 97,
                    "y": 92
                },
                "previousArrow": {
                    "height": 7,
                    "width": 14,
                    "x": 97,
                    "y": 178
                },
                "showConfirm": true,
                "title": {
                    "height": 25,
                    "width": 159,
                    "x": 24,
                    "y": 37
                }
            },
            "toast": {
                "autoDismissTime": 30000,
                "height": 70,
                "icon": {
                    "height": 21,
                    "width": 21,
                    "x": 104,
                    "y": 15
                },
                "text": {
                    "firstLine": 0,
                    "font": "tiny",
                    "height": 71,
                    "lineCount": 1,
                    "shortenWithEllipsis": true,
                    "staticJustification": 5,
                    "width": 170,
                    "x": 19,
                    "y": 50
                },
                "type": "partial"
            }
        }
    ],
    "sensorHistory": [
        {
            "interval": 60,
            "size": 360,
            "type": "heartrate"
        }
    ],
    "watchdogCount": 120000
}